Cell Methods,Mask,label,title,Regex,Variables,UID
area: depth: time: mean,,adm-tmn,"Area, Depth and Time Mean",1,,a269a4ae-8c9b-11ef-944e-41a8eb05f654
area: depth: time: mean where sea,,admns-tmn,"Area, Depth and Time Mean",1,"Emon.thetaot,Emon.thetaot300,Emon.thetaot700,Emon.thetaot2000",d699cbc7-b93b-11ef-a837-1f323b3b21a2
area: mean,,amn-fx,Fixed Area Mean,1,"AERfx.ch4ref,AERfx.o3ref,AERmon.e90inst,AERmon.o3inst,day.irrDem,day.irrGw,day.irrLut,day.irrSurf,Efx.sftflf,Efx.sftgrf,fx.depthl,fx.depthsl,fx.lithk,fx.orog,fx.rootd,fx.sftgif,fx.sftlf,fx.sftlkf,fx.zfull,Lmon.cGeologicStorage,Lmon.fHarvestToGeologicStorage,Ofx.basin,Ofx.masscello,Ofx.sftof",d699cbc6-b93b-11ef-a837-1f323b3b21a2
area: mean (over land and sea ice) time: point,,amnlsi-tpt,Area Mean Excluding Ice-free Ocean,1,3hr.tslsi,a269a4b0-8c9b-11ef-944e-41a8eb05f654
area: mean time: maximum,,amn-tmax,Time Maximum,1,"6hrPlev.prhmax,AERday.maxpblz,AERday.sfo3max,day.hursmax,day.sfcWindmax,day.tasmax,E1hr.wsgmax10m,E1hr.wsgmax100m,Eday.prhmax,Emon.prhmax,Emon.wsgmax10m,Emon.wsgmax100m,Omon.mlotstmax",a269a4b1-8c9b-11ef-944e-41a8eb05f654
area: mean time: maximum within days time: mean over days,,amn-dmax,Daily Maximum,1,"Amon.tasmax,Emon.sfcWindmax",a269a4b2-8c9b-11ef-944e-41a8eb05f654
area: mean time: mean within days time: mean over days,,amn-tdnl,Mean Diurnal Cycle,1,"E1hrClimMon.rlut,E1hrClimMon.rlutcs,E1hrClimMon.rsdt,E1hrClimMon.rsut,E1hrClimMon.rsutcs",a269a4b3-8c9b-11ef-944e-41a8eb05f654
area: mean time: mean within hours time: maximum over hours,,amn-tmh,Maximum Hourly Rate,1,,a269a4b4-8c9b-11ef-944e-41a8eb05f654
area: mean time: mean within years time: mean over years,,amn-clim,Annual Climatology,1,"Amon.pfull,Amon.phalf",ab8e5d94-d256-11ef-96a8-77e2e964091f
area: mean time: minimum,,amn-tmin,Temporal Minimum,1,"AERday.minpblz,day.hursmin,day.tasmin,Omon.mlotstmin",a269a4b6-8c9b-11ef-944e-41a8eb05f654
area: mean time: minimum within days time: mean over days,,amn-dmin,Daily Minimum,1,Amon.tasmin,a269a4b7-8c9b-11ef-944e-41a8eb05f654
area: mean time: point,,amn-tpt,Area Mean Instantaneous,1,"3hr.huss,3hr.ps,3hr.tas,3hrPt.bldep,3hrPt.uas,3hrPt.vas,6hrLev.bs550aer,6hrLev.ec550aer,6hrLev.hus,6hrLev.ps,6hrLev.ta,6hrLev.zg,6hrPlevPt.hur100,6hrPlevPt.intuaw,6hrPlevPt.pr,6hrPlevPt.psl,6hrPlevPt.ts,6hrPlevPt.ua200,6hrPlevPt.uas,6hrPlevPt.va200,6hrPlevPt.vas,6hrPlevPt.zg700,6hrPlevPt.zg925,CF3hr.clic,CF3hr.clis,CF3hr.clivi,CF3hr.clt,CF3hr.clwc,CF3hr.clws,CF3hr.clwvi,CF3hr.dtauc,CF3hr.dtaus,CF3hr.hurs,CF3hr.pfull,CF3hr.pr,CF3hr.prw,CF3hr.rlds,CF3hr.rldscs,CF3hr.rlut,CF3hr.rlutcs,CF3hr.rsds,CF3hr.rsdscs,CF3hr.rsut,CF3hr.rsutcs,CF3hr.ta,CF3hr.ts,E1hr.huss,E1hr.ps,E1hr.psl,E1hr.ua100m,E1hr.uas,E1hr.va100m,E1hr.vas,E3hrPt.cltcalipso,E3hrPt.hus,Emon.fracLut,Eyr.fracLut",a269a4b8-8c9b-11ef-944e-41a8eb05f654
area: mean time: sum,,amn-ts,Area Mean and Time Sum,1,AERmon.pod0,a269a4b9-8c9b-11ef-944e-41a8eb05f654
area: mean where air time: mean within years time: mean over years,,amna-clim,Annual Climatology in Atmosphere,,"Amon.ch4Clim,Amon.co2Clim,Amon.n2oClim,Amon.o3Clim",a269a4ba-8c9b-11ef-944e-41a8eb05f654
area: mean where air time: point,,amna-tpt,Instantaneous Value on Levels above Ground,,"6hrPlevPt.hur500,6hrPlevPt.hur850,6hrPlevPt.hus7h,6hrPlevPt.rv850,6hrPlevPt.ta,6hrPlevPt.ta7h,6hrPlevPt.ua,6hrPlevPt.ua7h,6hrPlevPt.uaUTLS,6hrPlevPt.va,6hrPlevPt.va7h,6hrPlevPt.vaUTLS,6hrPlevPt.zg,6hrPlevPt.zg7h,6hrPlevPt.zg500,E3hrPt.hus6,E3hrPt.ta6,E3hrPt.ua6,E3hrPt.va6,E3hrPt.wap6",a269a4bb-8c9b-11ef-944e-41a8eb05f654
area: mean where convective_cloud time: point,,amncc-tpt,Instantaneous Mean over convective cloud,1,"CF3hr.reffclic,CF3hr.reffclwc,Esubhr.reffclic,Esubhr.reffclwc",8552c392-da6a-11ef-ad2e-15144caece00
area: mean where crops time: maximum,,amncrp-tmax,Time Maximum over Crops,1,Eday.tasmaxCrop,a269a4bc-8c9b-11ef-944e-41a8eb05f654
area: mean where crops time: maximum within days time: mean over days,,amncrp-dmax,Daily Maximum over Crops,1,,a269a4bd-8c9b-11ef-944e-41a8eb05f654
area: mean where crops time: minimum,,amncrp-tmin,Temporal Minimum over Crops,1,,a269a4be-8c9b-11ef-944e-41a8eb05f654
area: mean where crops time: minimum within days time: mean over days,,amncrp-dmin,Daily Minimum over Crops,1,"Eday.hursminCrop,Eday.tasminCrop",a269a4bf-8c9b-11ef-944e-41a8eb05f654
area: mean where grounded_ice_sheet,,amngi-fx,Fixed Area Mean over Grounded Ice Sheets,1,"IfxAnt.hfgeoubed,IfxAnt.topg,IfxGre.hfgeoubed,IfxGre.topg",a269a4c0-8c9b-11ef-944e-41a8eb05f654
area: mean where ice_free_sea over sea time: mean,,amnifs-tmn,Partial Mean over Ice-Free sea,1,Omon.evs,a269a4c1-8c9b-11ef-944e-41a8eb05f654
area: mean where ice_sheet,,amni-fx,Fixed Area Mean over Ice Sheets,1,"IfxAnt.lithk,IfxGre.lithk",a269a4c2-8c9b-11ef-944e-41a8eb05f654
area: mean where land,,amnla-fx,Fixed Area Mean,1,"Efx.slthick,fx.mrsofc",a269a4c3-8c9b-11ef-944e-41a8eb05f654
area: mean where land over all_area_types time: mean,,amnlax-tmn,Time Mean contribution from Land,1,,a269a4c4-8c9b-11ef-944e-41a8eb05f654
area: mean where land over all_area_types time: point,,amnlax-tpt,Contribution from Land (Instantaneous),1,,a269a4c5-8c9b-11ef-944e-41a8eb05f654
area: mean where land over all_area_types time: sum,,amnlax-tsum,Temporal Sum,1,"Eyr.fracInLut,Eyr.fracOutLut",a269a4c6-8c9b-11ef-944e-41a8eb05f654
area: mean where land time: mean,,amnla-tmn,Time Mean over Land,1,"3hr.mrro,3hr.mrros,3hr.mrso10,day.mrro,day.mrso,day.mrsos,day.snw,Eday.clt,Eday.dcw,Eday.dgw,Eday.drivw,Eday.dslw,Eday.dsn,Eday.dsw,Eday.esn,Eday.evspsbl,Eday.evspsblpot,Eday.hfdsn,Eday.hfdsnb,Eday.lai,Eday.lwsnl,Eday.mrrob,Eday.mrros,Eday.mrsfl,Eday.mrsll,Eday.mrso10,Eday.mrsol,Eday.mrsow,Eday.mrtws,Eday.pflw,Eday.prra,Eday.prrsn,Eday.prsnc,Eday.prsnsn,Eday.qgwr,Eday.rivi,Eday.rivo,Eday.rzwc,Eday.sbl,Eday.snd,Eday.snm,Eday.snmsl,Eday.snrefr,Eday.snwc,Eday.sw,Eday.tpf,Eday.tsl,Eday.tsns,Eday.wtd,Emon.albc,Emon.c13Land,Emon.c13Litter,Emon.c13Soil,Emon.c13Veg,Emon.c14Land,Emon.c14Litter,Emon.c14Soil,Emon.c14Veg,Emon.cLand,Emon.cLitterCwd,Emon.cLitterSubSurf,Emon.cLitterSurf,Emon.cnc,Emon.cOther,Emon.cSoil,Emon.cSoilAbove1m,Emon.cSoilLevels,Emon.cSoilPools,Emon.cStem,Emon.cWood,Emon.evspsblpot,Emon.fAnthDisturb,Emon.fBNF,Emon.fCLandToOcean,Emon.fDeforestToAtmos,Emon.fDeforestToProduct,Emon.fFireAll,Emon.fFireNat,Emon.fHarvestToAtmos,Emon.fHarvestToProduct,Emon.fLitterFire,Emon.fLuc,Emon.fN2O,Emon.fNAnthDisturb,Emon.fNdep,Emon.fNfert,Emon.fNgas,Emon.fNgasFire,Emon.fNgasNonFire,Emon.fNLandToOcean,Emon.fNleach,Emon.fNLitterSoil,Emon.fNloss,Emon.fNnetmin,Emon.fNOx,Emon.fNProduct,Emon.fNup,Emon.fNVegLitter,Emon.fNVegSoil,Emon.fProductDecomp,Emon.fVegFire,Emon.fVegLitterMortality,Emon.fVegLitterSenescence,Emon.fVegSoilMortality,Emon.fVegSoilSenescence,Emon.gppc13,Emon.gppc14,Emon.mrsfl,Emon.mrsll,Emon.mrsol,Emon.mrtws,Emon.nep,Emon.netAtmosLandC13Flux,Emon.netAtmosLandC14Flux,Emon.netAtmosLandCO2Flux,Emon.nLand,Emon.nLeaf,Emon.nLitter,Emon.nLitterCwd,Emon.nLitterSubSurf,Emon.nLitterSurf,Emon.nMineral,Emon.nMineralNH4,Emon.nMineralNO3,Emon.nOther,Emon.nppOther,Emon.nppStem,Emon.nProduct,Emon.nRoot,Emon.nSoil,Emon.nStem,Emon.nVeg,Emon.rac13,Emon.rac14,Emon.raLeaf,Emon.raOther,Emon.raRoot,Emon.raStem,Emon.rhc13,Emon.rhc14,Emon.rhLitter,Emon.rhSoil,Emon.wetlandCH4,Emon.wetlandCH4cons,Emon.wetlandCH4prod,LImon.hfdsn,LImon.lwsnl,LImon.pflw,LImon.sbl,LImon.snd,LImon.snm,LImon.snw,LImon.sootsn,LImon.tpf,Lmon.cLeaf,Lmon.cLitter,Lmon.cProduct,Lmon.cRoot,Lmon.cVeg,Lmon.evspsblsoi,Lmon.evspsblveg,Lmon.fFire,Lmon.fLitterSoil,Lmon.fVegLitter,Lmon.fVegSoil,Lmon.gpp,Lmon.lai,Lmon.mrfso,Lmon.mrro,Lmon.mrros,Lmon.mrso,Lmon.mrsos,Lmon.nbp,Lmon.npp,Lmon.nppLeaf,Lmon.nppRoot,Lmon.prveg,Lmon.ra,Lmon.rh,Lmon.tran,Lmon.tsl",a269a4c7-8c9b-11ef-944e-41a8eb05f654
area: mean where land time: mean (weighted by snow mass on land),,amnla-tmnsn,Snow Mass Weighted,1,"Eday.tsn,LImon.agesno,LImon.tsn",a269a4c8-8c9b-11ef-944e-41a8eb05f654
area: mean where land time: point,,amnla-tpt,Instantaneous Mean over Land,1,3hr.mrsos,a269a4c9-8c9b-11ef-944e-41a8eb05f654
area: mean where sea,,amns-fx,Fixed Area Mean over Sea,1,"Ofx.deptho,Ofx.hfgeou,Ofx.thkcello,Omon.absscint,Omon.chcint,Omon.pfscint,Omon.phcint,Omon.scint",a269a4ca-8c9b-11ef-944e-41a8eb05f654
area: mean where sea depth: sum where sea (top 100m only) time: mean,,amnds-tmn,"Sum over Upper 100m, Time Mean",1,,a269a4cb-8c9b-11ef-944e-41a8eb05f654
area: mean where sea depth: sum where sea time: mean,,amndss-tmn,"Sum over Depth, Time Mean",1,"Oday.hfxint,Oday.hfyint,Oday.intpoc,Oday.intpp,Omon.hfacrossline,Omon.hfxint,Omon.hfyint,Omon.intdic,Omon.intdoc,Omon.intparag,Omon.intpbfe,Omon.intpbn,Omon.intpbp,Omon.intpbsi,Omon.intpcalcite,Omon.intpn2,Omon.intpoc,Omon.intpp,Omon.intppcalc,Omon.intppdiat,Omon.intppdiaz,Omon.intppmisc,Omon.intppnano,Omon.intppnitrate,Omon.intpppico,Omon.sfacrossline,Omon.sfxint,Omon.sfyint",a269a4cc-8c9b-11ef-944e-41a8eb05f654
area: mean where sea time: maximum,,amns-tmax,Time Maximum over Sea,1,"6hr.swhmax,Omon.swhmax",a269a4cg-8c9b-11ef-944e-41a8eb05f654
area: mean where sea time: mean,,amns-tmn,Time Mean over Sea,1,"3hr.ficeberg,3hr.flandice,3hr.friver,3hr.hfds,3hr.hfrunoffds,3hr.mpw,3hr.rsntds,3hr.sfdsi,3hr.swh,3hr.tauuo,3hr.tauvo,3hr.wdir,3hr.wfo,3hr.wpdir,3hr.wpp,3hrPt.mpw,3hrPt.swh,3hrPt.wdir,3hrPt.wpdir,3hrPt.wpp,6hr.mpw,6hr.mpwswell,6hr.mpwwindsea,6hr.sduo,6hr.sdvo,6hr.swh,6hr.swhswell,6hr.swhwindsea,6hr.wdir,6hr.wdirswell,6hr.wdirwindsea,6hr.wpdir,6hr.wpdirswell,6hr.wpdirwindsea,6hr.wpp,6hr.wppswell,6hr.wppwindsea,Eday.mlotst,Eday.parasolRefl,Eday.t20d,Emon.dissi14c,Emon.expcalc,Emon.fg14co2,Emon.flandice,Emon.osaltpsmadvect,Emon.parasolRefl,Emon.sw2H,Emon.sw17O,Emon.t17d,Emon.t20d,Eyr.zfullo,Oday.chlos,Oday.co3os,Oday.co3sataragos,Oday.detoc,Oday.dissoc,Oday.expcob,Oday.mlotst,Oday.o2min,Oday.o2os,Oday.phos,Oday.phycalc,Oday.phycdiat,Oday.phycdiaz,Oday.phycmisc,Oday.phycnano,Oday.phycos,Oday.phycpico,Oday.rsdo,Oday.so,Oday.sos,Oday.tos,Oday.tossq,Oday.uos,Oday.vos,Oday.wo,Oday.zmeso,Oday.zmicro,Oday.zooc,Oday.zos,Oday.zostoga,Odec.bigthetao,Odec.masscello,Odec.opottemptend,Odec.so,Odec.tauuo,Odec.tauvo,Odec.thetao,Odec.thkcello,Omon.agessc,Omon.arag,Omon.aragos,Omon.baccos,Omon.bigthetao,Omon.bigthetaoga,Omon.calc,Omon.calcos,Omon.chl,Omon.chlcalc,Omon.chlcalcos,Omon.chldiat,Omon.chldiatos,Omon.chldiaz,Omon.chldiazos,Omon.chlmisc,Omon.chlmiscos,Omon.chlos,Omon.chlpico,Omon.chlpicoos,Omon.detoc,Omon.dfe,Omon.dfeos,Omon.dissi13c,Omon.dissi13cos,Omon.dissi14cabio,Omon.dissi14cabioos,Omon.dissic,Omon.dissicos,Omon.dissoc,Omon.dmso,Omon.dmsos,Omon.dpco2,Omon.dpo2,Omon.epc100,Omon.epc1000,Omon.epcalc100,Omon.epcalc1000,Omon.epn100,Omon.epp100,Omon.epsi100,Omon.exparagob,Omon.expc,Omon.expcalcob,Omon.expcob,Omon.expfeob,Omon.expnob,Omon.exppob,Omon.expsiob,Omon.fg13co2,Omon.fg14co2abio,Omon.fgco2,Omon.fgdms,Omon.ficeberg,Omon.ficeberg2d,Omon.frfe,Omon.fric,Omon.friver,Omon.frn,Omon.froc,Omon.fsfe,Omon.fsitherm,Omon.fsn,Omon.graz,Omon.hfds,Omon.hfgeou,Omon.hfibthermds,Omon.hfibthermds2d,Omon.hfrunoffds,Omon.hfrunoffds2d,Omon.hfsnthermds,Omon.hfsnthermds2d,Omon.hfx,Omon.hfy,Omon.icfriver,Omon.limfecalc,Omon.limfediat,Omon.limfediaz,Omon.limfemisc,Omon.limfepico,Omon.limirrcalc,Omon.limirrdiat,Omon.limirrdiaz,Omon.limirrmisc,Omon.limirrpico,Omon.limncalc,Omon.limndiat,Omon.limndiaz,Omon.limnmisc,Omon.limnpico,Omon.masscello,Omon.mlotst,Omon.mlotstsq,Omon.mpw,Omon.mpwswell,Omon.mpwwindsea,Omon.msftbarot,Omon.nh4,Omon.nh4os,Omon.no3,Omon.no3os,Omon.o2,Omon.o2os,Omon.o2sat,Omon.obvfsq,Omon.ocfriver,Omon.pbo,Omon.ph,Omon.phos,Omon.phyc,Omon.phycalc,Omon.phycalcos,Omon.phycos,Omon.phydiat,Omon.phydiatos,Omon.phydiaz,Omon.phydiazos,Omon.phymisc,Omon.phymiscos,Omon.phypico,Omon.phypicoos,Omon.po4,Omon.pp,Omon.ppos,Omon.pso,Omon.sduo,Omon.sdvo,Omon.sf6,Omon.sfdsi,Omon.sfriver,Omon.sfx,Omon.sfy,Omon.si,Omon.sios,Omon.so,Omon.sob,Omon.soga,Omon.sos,Omon.sosga,Omon.sossq,Omon.spco2,Omon.swh,Omon.swhswell,Omon.swhwindsea,Omon.talk,Omon.tauuo,Omon.tauvo,Omon.thetao,Omon.thetaoga,Omon.thkcello,Omon.thkcelluo,Omon.thkcellvo,Omon.tob,Omon.tos,Omon.tosga,Omon.tossq,Omon.umo,Omon.uo,Omon.vmo,Omon.vo,Omon.vsf,Omon.vsfcorr,Omon.vsfevap,Omon.vsfpr,Omon.vsfriver,Omon.vsfsit,Omon.wdir,Omon.wdirswell,Omon.wdirwindsea,Omon.wfcorr,Omon.wfo,Omon.wo,Omon.wpdir,Omon.wpdirswell,Omon.wpdirwindsea,Omon.wpp,Omon.wppswell,Omon.wppwindsea,Omon.zmeso,Omon.zmesoos,Omon.zmicro,Omon.zmicroos,Omon.zmisc,Omon.zmiscos,Omon.zooc,Omon.zoocos,Omon.zos,Omon.zossq,Omon.zostoga,Oyr.difmxybo,Oyr.difmxylo,Oyr.diftrblo,Oyr.diftrelo,Oyr.difvho,Oyr.difvso,Oyr.dispkexyfo,Oyr.ocontempdiff,Oyr.ocontempmint,Oyr.ocontemppadvect,Oyr.ocontemppmdiff,Oyr.ocontemppsmadvect,Oyr.ocontemprmadvect,Oyr.ocontemptend,Oyr.opottempdiff,Oyr.opottempmint,Oyr.opottemppadvect,Oyr.opottemppmdiff,Oyr.opottemppsmadvect,Oyr.opottemprmadvect,Oyr.opottemptend,Oyr.osaltdiff,Oyr.osaltpadvect,Oyr.osaltpmdiff,Oyr.osaltpsmadvect,Oyr.osaltrmadvect,Oyr.osalttend,Oyr.rsdoabsorb,Oyr.somint,Oyr.tnkebto,Oyr.tnpeo,SIday.sihc,SIday.sitimefrac,SImon.sidconcdyn,SImon.sidconcth,SImon.sidmassdyn,SImon.sidmassevapsubl,SImon.sidmassgrowthbot,SImon.sidmassgrowthsi,SImon.sidmassgrowthwat,SImon.sidmassmeltbot,SImon.sidmassmeltlat,SImon.sidmassmelttop,SImon.sidmassth,SImon.sihc,SImon.simass,SImon.sisaltmass,SImon.sitimefrac,SImon.sivol",a269a4cd-8c9b-11ef-944e-41a8eb05f654
area: mean where sea time: mean within years time: mean over years,,amn-clim,Annual Ocean Climatology,1,,a269a4b5-8c9b-11ef-944e-41a8eb05f654
area: mean where sea time: point,,amns-tpt,Instantaneous over Sea,1,3hr.tos,a269a4ce-8c9b-11ef-944e-41a8eb05f654
area: mean where sea_ice (mask=siconc) time: point,siconc,amnsi-tpt,Instantaneous over Sea-Ice,1,"SImon.sidivvel,SImon.sishearvel,SImon.sistressave,SImon.sistressmax",a269a4cf-8c9b-11ef-944e-41a8eb05f654
area: mean where sector time: point,,amnlu-tpt,Instantaneous Mean on Landuse Tiles,1,"Eyr.cLitterLut,Eyr.cProductLut,Eyr.cSoilLut,Eyr.cVegLut",a269a4d0-8c9b-11ef-944e-41a8eb05f654
area: mean where snow over sea_ice area: time: mean where sea_ice,,amnsnsi-tmn,Weighted Time Mean over Area of Snow on Sea-Ice,1,"SIday.sisnthick,SImon.sisnthick",a269a4d1-8c9b-11ef-944e-41a8eb05f654
area: mean where stratiform_cloud time: point,,amnsc-tpt,Instantaneous Mean over Stratiform Cloud,1,"CF3hr.reffclis,CF3hr.reffclws,Esubhr.reffclis,Esubhr.reffclws",8552c395-da6a-11ef-ad2e-15144caece00
area: mean where vegetation (mask=vegFrac),vegFrac,amnv-fx,Fixed Area Mean on Vegetation,1,,2d8aaa35-b8b0-11ef-a837-1f323b3b21a2
area: point,,apt-fx,Point Values,1,"fx.lat,fx.lon,Ofx.dxto,Ofx.dxuo,Ofx.dxvo,Ofx.dyto,Ofx.dyuo,Ofx.dyvo",a269a4d2-8c9b-11ef-944e-41a8eb05f654
area: point time: point,,apt-tpt,Instantaneous Point Values,1,"6hrPlevPt.intvaw,CFsubhr.ccb,CFsubhr.cct,CFsubhr.ci,CFsubhr.cl,CFsubhr.cli,CFsubhr.clivi,CFsubhr.clt,CFsubhr.clw,CFsubhr.clwvi,CFsubhr.edt,CFsubhr.evspsbl,CFsubhr.evu,CFsubhr.fco2antt,CFsubhr.fco2fos,CFsubhr.fco2nat,CFsubhr.hfls,CFsubhr.hfss,CFsubhr.hur,CFsubhr.hurs,CFsubhr.hus,CFsubhr.huss,CFsubhr.mc,CFsubhr.pfull,CFsubhr.phalf,CFsubhr.pr,CFsubhr.prc,CFsubhr.prsn,CFsubhr.prw,CFsubhr.ps,CFsubhr.psl,CFsubhr.rld,CFsubhr.rldcs,CFsubhr.rlds,CFsubhr.rldscs,CFsubhr.rlu,CFsubhr.rlucs,CFsubhr.rlus,CFsubhr.rlut,CFsubhr.rlutcs,CFsubhr.rsd,CFsubhr.rsdcs,CFsubhr.rsds,CFsubhr.rsdscs,CFsubhr.rsdt,CFsubhr.rsu,CFsubhr.rsucs,CFsubhr.rsus,CFsubhr.rsuscs,CFsubhr.rsut,CFsubhr.rsutcs,CFsubhr.rtmt,CFsubhr.sbl,CFsubhr.sci,CFsubhr.sfcWind,CFsubhr.ta,CFsubhr.tas,CFsubhr.tauu,CFsubhr.tauv,CFsubhr.tnhus,CFsubhr.tnhusa,CFsubhr.tnhusc,CFsubhr.tnhusd,CFsubhr.tnhusmp,CFsubhr.tnhusscpbl,CFsubhr.tnt,CFsubhr.tnta,CFsubhr.tntc,CFsubhr.tntmp,CFsubhr.tntr,CFsubhr.tntscpbl,CFsubhr.ts,CFsubhr.ua,CFsubhr.uas,CFsubhr.va,CFsubhr.vas,CFsubhr.wap,CFsubhr.zg,E3hrPt.conccn,E3hrPt.mmraerh2o,E3hrPt.mmrbc,E3hrPt.mmrdust,E3hrPt.mmrnh4,E3hrPt.mmrno3,E3hrPt.mmroa,E3hrPt.mmrso4,E3hrPt.mmrss,E3hrPt.so2,Esubhr.tnhuspbl,Esubhr.tnhusscp,Esubhr.tntd,Esubhr.tntpbl,Esubhr.tntrl,Esubhr.tntrlcs,Esubhr.tntrs,Esubhr.tntrscs,Esubhr.tntscp",a269a4d3-8c9b-11ef-944e-41a8eb05f654
area: sum,,asm-fx,Fixed Area Sum,1,"fx.areacella,fx.areacellr,IfxAnt.areacellg,IfxGre.areacellg,Ofx.areacello,Ofx.volcello",a269a4d4-8c9b-11ef-944e-41a8eb05f654
area: sum time: mean,,asm-tmn,Time Mean of Area Sum,,"IyrAnt.modelCellAreai,IyrGre.modelCellAreai,SIday.siarean,SIday.siareas,SIday.sisnmassn,SIday.sisnmasss,SIday.sivoln,SIday.sivols,SImon.siarean,SImon.siareas,SImon.sisnmassn,SImon.sisnmasss,SImon.sivoln,SImon.sivols",2d8aaa34-b8b0-11ef-a837-1f323b3b21a2
area: sum where floating_ice_shelf (mask=sftflf) time: mean,sftflf,asmfi-twm,Area Sum Time Mean on Floating Ice Shelf,1,"IyrAnt.iareafl,IyrGre.iareafl",8552c396-da6a-11ef-ad2e-15144caece00
area: sum where grounded_ice_sheet (mask=sfgrlf) time: mean,sftgrf,asmgi-twm,Area Sum Time Mean on Grounded Ice Sheet,1,"IyrAnt.iareagr,IyrGre.iareagr",8552c397-da6a-11ef-ad2e-15144caece00
area: sum where ice_sheet time: mean,,asmi-tmn,Time Mean of Area Sum on Ice Sheet,1,"IyrAnt.lim,IyrAnt.limnsw,IyrAnt.tendacabf,IyrAnt.tendlibmassbf,IyrAnt.tendlicalvf,IyrGre.lim,IyrGre.limnsw,IyrGre.tendacabf,IyrGre.tendlibmassbf,IyrGre.tendlicalvf",a269a4d5-8c9b-11ef-944e-41a8eb05f654
area: sum where sea time: mean,,asms-tmn,Time Mean of Area Sum on Sea-ice,1,"Odec.masso,Odec.volcello,Omon.masso,Omon.volcello,Omon.wmo,Oyr.volcello",a269a4d6-8c9b-11ef-944e-41a8eb05f654
area: time: mean,,amn-twm,Area and Time Mean,1,"3hr.clt,3hr.evspsblsoi,3hr.evspsblveg,3hr.hfdsl,3hr.hfls,3hr.hfss,3hr.pr,3hr.prsn,3hr.rlds,3hr.rlus,3hr.rsds,3hr.rsus,3hr.srfrad,3hr.tran,3hr.ua100m,3hr.va100m,6hrPlev.hurs,6hrPlev.huss,6hrPlev.pr,6hrPlev.prra,6hrPlev.prsn,6hrPlev.ps,6hrPlev.psl,6hrPlev.rlds,6hrPlev.rsds,6hrPlev.sfcWind,6hrPlev.tas,6hrPlev.ts,6hrPlev.uas,6hrPlev.vas,AERday.co,AERday.cod,AERday.drynh3,AERday.drynh4,AERday.drynoy,AERday.mmraerh2o,AERday.mmrbc,AERday.mmrdust,AERday.mmrnh4,AERday.mmrno3,AERday.mmroa,AERday.mmrso4,AERday.mmrsoa,AERday.mmrss,AERday.od550aer,AERday.sfpm1,AERday.sfpm10,AERday.sfpm25,AERday.so2,AERday.toz,AERday.wetnh3,AERday.wetnh4,AERday.wetnoy,AERhr.ps,AERhr.sfno2,AERhr.sfo3,AERhr.sfpm1,AERhr.sfpm10,AERhr.sfpm25,AERhr.tas,AERmon.abs550aer,AERmon.abs550bc,AERmon.abs550dust,AERmon.abs550no3,AERmon.abs550oa,AERmon.abs550so4,AERmon.abs550ss,AERmon.airmass,AERmon.aoanh,AERmon.bldep,AERmon.c2h4,AERmon.c2h5oh,AERmon.c2h6,AERmon.c3h6,AERmon.c3h8,AERmon.c4h10,AERmon.ccn,AERmon.ccn1,AERmon.ccn02,AERmon.cdnc,AERmon.cfc114,AERmon.ch3coch3,AERmon.ch3oh,AERmon.ch4,AERmon.ch4losssoil,AERmon.cheaqpso4,AERmon.chegph2oo1d,AERmon.chegpso4,AERmon.chepasoa,AERmon.chepnh4,AERmon.chepno3,AERmon.chepsoa,AERmon.cltc,AERmon.co,AERmon.co2,AERmon.cod,AERmon.conccn,AERmon.dms,AERmon.do3chm,AERmon.drybc,AERmon.drydust,AERmon.dryh2,AERmon.dryhno3,AERmon.drynh3,AERmon.drynh4,AERmon.dryno3,AERmon.drynoy,AERmon.dryo3,AERmon.dryoa,AERmon.dryso2,AERmon.dryso4,AERmon.dryss,AERmon.emiach4,AERmon.emiaco,AERmon.emianox,AERmon.emiaoa,AERmon.emiavnox,AERmon.emibbbc,AERmon.emibbch4,AERmon.emibbco,AERmon.emibbdms,AERmon.emibbnh3,AERmon.emibbnox,AERmon.emibboa,AERmon.emibbso2,AERmon.emibbvoc,AERmon.emibc,AERmon.emibvoc,AERmon.emic2h4,AERmon.emic2h5oh,AERmon.emic2h6,AERmon.emic3h6,AERmon.emic3h8,AERmon.emic4h10,AERmon.emich3oh,AERmon.emich4,AERmon.emico,AERmon.emidms,AERmon.emidust,AERmon.emih2,AERmon.emiisop,AERmon.emilkch4,AERmon.emilnox,AERmon.eminh3,AERmon.eminox,AERmon.emioa,AERmon.emiso2,AERmon.emiso4,AERmon.emiss,AERmon.emivoc,AERmon.h2,AERmon.h2loss,AERmon.h2o,AERmon.h2prod,AERmon.hcfc22,AERmon.hcho,AERmon.hcl,AERmon.hfc125,AERmon.hfc134a,AERmon.hno3,AERmon.isop,AERmon.jno2,AERmon.lossch4,AERmon.lossco,AERmon.lossn2o,AERmon.lwp,AERmon.meanage,AERmon.mmraerh2o,AERmon.mmrbc,AERmon.mmrdust,AERmon.mmrnh4,AERmon.mmrno3,AERmon.mmroa,AERmon.mmrpm1,AERmon.mmrpm2p5,AERmon.mmrpm10,AERmon.mmrso4,AERmon.mmrsoa,AERmon.mmrss,AERmon.n2o,AERmon.nh50,AERmon.no,AERmon.no2,AERmon.o3,AERmon.o3loss,AERmon.o3prod,AERmon.o3ste,AERmon.od443aer,AERmon.od550aer,AERmon.od550aerh2o,AERmon.od550bb,AERmon.od550bc,AERmon.od550csaer,AERmon.od550dust,AERmon.od550lt1aer,AERmon.od550no3,AERmon.od550oa,AERmon.od550so4,AERmon.od550soa,AERmon.od550ss,AERmon.od865aer,AERmon.oh,AERmon.pan,AERmon.pfull,AERmon.phalf,AERmon.photo1d,AERmon.ptp,AERmon.reffclwtop,AERmon.rluscsaf,AERmon.rlutaf,AERmon.rlutch4ref,AERmon.rlutcsaf,AERmon.rlutcsch4ref,AERmon.rlutcso3ref,AERmon.rluto3ref,AERmon.rsutaf,AERmon.rsutch4ref,AERmon.rsutcsaf,AERmon.rsutcsch4ref,AERmon.rsutcso3ref,AERmon.rsuto3ref,AERmon.so2,AERmon.stratch4loss,AERmon.tatp,AERmon.tntrl,AERmon.tntrs,AERmon.toz,AERmon.tropch4loss,AERmon.tropch4lossoh,AERmon.tropdo3chm,AERmon.tropo3ste,AERmon.tropoz,AERmon.ttop,AERmon.ua,AERmon.va,AERmon.wa,AERmon.wetbc,AERmon.wetdust,AERmon.wethno3,AERmon.wetnh3,AERmon.wetnh4,AERmon.wetno3,AERmon.wetnoy,AERmon.wetoa,AERmon.wetso2,AERmon.wetso4,AERmon.wetss,AERmon.zg,AERmon.ztp,Amon.aod550volso4,Amon.ci,Amon.cl,Amon.cli,Amon.clivi,Amon.clt,Amon.clw,Amon.clwvi,Amon.evspsbl,Amon.fco2antt,Amon.fco2fos,Amon.fco2nat,Amon.hfls,Amon.hfss,Amon.hurs,Amon.huss,Amon.mc,Amon.pr,Amon.prc,Amon.prra,Amon.prsn,Amon.prw,Amon.ps,Amon.psl,Amon.rlds,Amon.rldscs,Amon.rlus,Amon.rluscs,Amon.rlut,Amon.rlutcs,Amon.rsds,Amon.rsdscs,Amon.rsdt,Amon.rsus,Amon.rsuscs,Amon.rsut,Amon.rsutcs,Amon.rtmt,Amon.sbl,Amon.sci,Amon.sfcWind,Amon.tas,Amon.tauu,Amon.tauv,Amon.ts,Amon.uas,Amon.vas,CFday.cl,CFday.cli,CFday.clivi,CFday.cltcalipso,CFday.cltisccp,CFday.clw,CFday.clwvi,CFday.hur,CFday.hur700,CFday.hus,CFday.mc,CFday.pfull,CFday.phalf,CFday.ps,CFday.rldscs,CFday.rlutcs,CFday.rsdscs,CFday.rsdt,CFday.rsuscs,CFday.rsut,CFday.rsutcs,CFday.ta,CFday.ua,CFday.va,CFday.wap,CFday.zg,CFmon.clc,CFmon.clic,CFmon.clis,CFmon.clivimodis,CFmon.clmodisiceReff,CFmon.clmodisliquid,CFmon.clmodisliquidReff,CFmon.cls,CFmon.cltcalipso,CFmon.cltisccp,CFmon.cltmodis,CFmon.clwc,CFmon.clws,CFmon.clwvimodis,CFmon.dmc,CFmon.edt,CFmon.evu,CFmon.hur,CFmon.hus,CFmon.mcd,CFmon.mcu,CFmon.rld,CFmon.rld4co2,CFmon.rldcs,CFmon.rldcs4co2,CFmon.rlu,CFmon.rlu4co2,CFmon.rlucs,CFmon.rlucs4co2,CFmon.rlut4co2,CFmon.rlutcs4co2,CFmon.rsd,CFmon.rsd4co2,CFmon.rsdcs,CFmon.rsdcs4co2,CFmon.rsu,CFmon.rsu4co2,CFmon.rsucs,CFmon.rsucs4co2,CFmon.rsut4co2,CFmon.rsutcs4co2,CFmon.smc,CFmon.ta,CFmon.tnhus,CFmon.tnhusa,CFmon.tnhusc,CFmon.tnhusd,CFmon.tnhusmp,CFmon.tnhusscpbl,CFmon.tnt,CFmon.tnta,CFmon.tntc,CFmon.tntmp,CFmon.tntr,CFmon.tntscpbl,day.clt,day.hfls,day.hfss,day.hurs,day.huss,day.noaahi2m,day.noaahi2mmax,day.pr,day.prc,day.prsn,day.psl,day.rlds,day.rls,day.rlus,day.rluscs,day.rlut,day.rsds,day.rsdt,day.rss,day.rsus,day.rsut,day.sfcWind,day.snc,day.tas,day.uas,day.vas,day.wbgt2m,day.wbgt2mmax,E1hr.bldep,E1hr.clt,E1hr.hfls,E1hr.hfss,E1hr.hurs,E1hr.pr,E1hr.rlds,E1hr.rlus,E1hr.rsds,E1hr.rsdsdiff,E1hr.rsus,E1hr.sfcWind,E1hr.tas,E1hr.ts,E3hr.clivi,E3hr.clwvi,E3hr.prw,E3hr.rlut,E3hr.rlutcs,E3hr.rsut,E3hr.rsutcs,E3hr.sfcWind,Eday.ccldncl,Eday.cldnci,Eday.cldnvi,Eday.clivic,Eday.clwvic,Eday.evspsblsoi,Eday.evspsblveg,Eday.flashrate,Eday.intuadse,Eday.intuaw,Eday.intvadse,Eday.intvaw,Eday.jpdftaureicemodis,Eday.jpdftaureliqmodis,Eday.loadbc,Eday.loaddust,Eday.loadnh4,Eday.loadno3,Eday.loadoa,Eday.loadpoa,Eday.loadso4,Eday.loadsoa,Eday.loadss,Eday.mrro,Eday.prw,Eday.rsdscsdiff,Eday.rsdsdiff,Eday.scldncl,Eday.tauu,Eday.tauupbl,Eday.tauv,Eday.tauvpbl,Eday.tdps,Eday.ts,Emon.albsrfc,Emon.ccldncl,Emon.cldnci,Emon.cldncl,Emon.cldnvi,Emon.climodis,Emon.cltmodis,Emon.clwmodis,Emon.co2s,Emon.co23D,Emon.cropFracC3,Emon.cropFracC4,Emon.depdust,Emon.ec550aer,Emon.flashrate,Emon.grassFracC3,Emon.grassFracC4,Emon.intuadse,Emon.intuaw,Emon.intvadse,Emon.intvaw,Emon.jpdftaureicemodis,Emon.jpdftaureliqmodis,Emon.loadso4,Emon.pastureFracC3,Emon.pastureFracC4,Emon.pr2h,Emon.pr17O,Emon.pr18O,Emon.prsn2h,Emon.prsn18O,Emon.reffccwctop,Emon.rls,Emon.rss,Emon.rsusoni,Emon.scldncl,Emon.sw18O,Emon.tdps,Emon.tnhuspbl,Emon.tnhusscp,Emon.tntd,Emon.tntpbl,Emon.tntrlcs,Emon.tntrscs,Emon.tntscp,Emon.treeFracBdlDcd,Emon.treeFracBdlEvg,Emon.treeFracNdlDcd,Emon.treeFracNdlEvg,Emon.vegFrac,Emon.wetlandFrac,Eyr.baresoilFrac,Eyr.cropFrac,Eyr.grassFrac,Eyr.residualFrac,Eyr.shrubFrac,Eyr.treeFrac,Eyr.vegFrac,IyrAnt.sftflf,IyrAnt.sftgif,IyrAnt.sftgrf,IyrGre.sftflf,IyrGre.sftgif,IyrGre.sftgrf,LImon.sftflf,LImon.sftgif,LImon.sftgrf,LImon.snc,Lmon.baresoilFrac,Lmon.burntFractionAll,Lmon.c3PftFrac,Lmon.c4PftFrac,Lmon.cropFrac,Lmon.grassFrac,Lmon.landCoverFrac,Lmon.pastureFrac,Lmon.residualFrac,Lmon.shrubFrac,Lmon.treeFrac,Oday.bigthetao200,Oday.chl200,Oday.co3satarag200,Oday.co3200,Oday.o2200,Oday.ph200,Oday.phyc200,Oday.thetao200,SIday.siconc,SIday.siconca,SIday.siextentn,SIday.siextents,SImon.siconc,SImon.siconca,SImon.siextentn,SImon.siextents",a269a4d7-8c9b-11ef-944e-41a8eb05f654
area: time: mean (monthly mean fixed annual cycle),,amn-fxc,Area and Fixed Monthly Mean,1,AERfx.o3refClim,d699cbc4-b93b-11ef-a837-1f323b3b21a2
area: time: mean (over land and sea ice),,amnlsi-twm,Weighted TIme Mean Excluding Ice-free Ocean,1,day.tslsi,a269a4d8-8c9b-11ef-944e-41a8eb05f654
area: time: mean where air,,amna-twm,Weighted Time Mean in Air,,"6hrPlev.rv850,6hrPlev.zg1000,AERday.ua10,AERday.zg10,AERday.zg500,AERday.zg1000,CFday.clcalipso,CFday.clhcalipso,CFday.clisccp,CFday.cllcalipso,CFday.clmcalipso,CFday.ta700,CFday.wap500,CFmon.clcalipso,CFmon.clhcalipso,CFmon.clisccp,CFmon.cllcalipso,CFmon.clmcalipso,CFmon.clmodis,CFmon.clmodisice,Eday.ta850,Eday.utendnogw,Eday.utendogw,Eday.vtendnogw,Eday.vtendogw,Emon.cfadDbze94,Emon.cfadLidarsr532,Emon.clmisr,Emon.tauunoegw,Emon.tauunowgw,Emon.tauuogw,Emon.tauvnogw,Emon.tauvogw,Emon.ua,Emon.va",a269a4d9-8c9b-11ef-944e-41a8eb05f654
area: time: mean where cloud,,amncl-twm,Weighted Time Mean on Cloud,1,"CFday.albisccp,CFday.pctisccp,CFmon.albisccp,CFmon.pctisccp",a269a4da-8c9b-11ef-944e-41a8eb05f654
area: time: mean where convective_cloud (weighted by total convective cloud area),,amcc-twm,Weighted Time Mean on Convective Cloud,,"Amon.ccb,Amon.cct,CFday.ccb,CFday.cct,Eday.reffcclwtop,Emon.reffcclwtop,Emon.reffclic,Emon.reffclwc",a269a4db-8c9b-11ef-944e-41a8eb05f654
area: time: mean where crops (mask=cropFrac),cropFrac,amncrp-twm,Weighted Time Mean on Crops,1,Eday.prCrop,a269a4dc-8c9b-11ef-944e-41a8eb05f654
area: time: mean where floating_ice_shelf (mask=sftflf),sftflf,amnfi-twm,Weighted Time Mean on Floating Ice Shelf,1,"ImonAnt.libmassbffl,ImonAnt.litempbotfl,ImonGre.libmassbffl,ImonGre.litempbotfl,IyrAnt.libmassbffl,IyrAnt.litempbotfl,IyrGre.libmassbffl,IyrGre.litempbotfl",a269a4dd-8c9b-11ef-944e-41a8eb05f654
area: time: mean where grounded_ice_sheet (mask=sfgrlf),sftgrf,amngi-twm,Weighted Time Mean on Grounded Ice Sheet,1,"ImonAnt.libmassbfgr,ImonAnt.litempbotgr,ImonGre.libmassbfgr,ImonGre.litempbotgr,IyrAnt.hfgeoubed,IyrAnt.libmassbfgr,IyrAnt.litempbotgr,IyrAnt.topg,IyrGre.hfgeoubed,IyrGre.libmassbfgr,IyrGre.litempbotgr,IyrGre.topg",a269a4de-8c9b-11ef-944e-41a8eb05f654
area: time: mean where ice_free_sea over sea,,,,,"Emon.rsdsoni,Omon.hfevapds,Omon.hfrainds",80ac3149-a698-11ef-914a-613c0433d878
area: time: mean where ice_sheet,,amni-twm,Weighted Time Mean on Ice Sheet,1,"Emon.rsdsis,Emon.rsusis,ImonAnt.acabf,ImonAnt.hfls,ImonAnt.hfss,ImonAnt.icem,ImonAnt.licalvf,ImonAnt.lifmassbf,ImonAnt.litemptop,ImonAnt.mrroLi,ImonAnt.orog,ImonAnt.prra,ImonAnt.prsn,ImonAnt.rlds,ImonAnt.rlus,ImonAnt.rsds,ImonAnt.rsus,ImonAnt.sbl,ImonAnt.snc,ImonAnt.snicefreez,ImonAnt.snicem,ImonAnt.snm,ImonAnt.tas,ImonAnt.ts,ImonAnt.tsn,ImonGre.acabf,ImonGre.hfls,ImonGre.hfss,ImonGre.icem,ImonGre.licalvf,ImonGre.lifmassbf,ImonGre.litemptop,ImonGre.mrroLi,ImonGre.orog,ImonGre.prra,ImonGre.prsn,ImonGre.rlds,ImonGre.rlus,ImonGre.rsds,ImonGre.rsus,ImonGre.sbl,ImonGre.snc,ImonGre.snicefreez,ImonGre.snicem,ImonGre.snm,ImonGre.tas,ImonGre.ts,ImonGre.tsn,IyrAnt.acabf,IyrAnt.licalvf,IyrAnt.lifmassbf,IyrAnt.litemptop,IyrAnt.lithk,IyrAnt.orog,IyrAnt.snc,IyrAnt.strbasemag,IyrAnt.xvelbase,IyrAnt.xvelmean,IyrAnt.xvelsurf,IyrAnt.yvelbase,IyrAnt.yvelmean,IyrAnt.yvelsurf,IyrAnt.zvelbase,IyrAnt.zvelsurf,IyrGre.acabf,IyrGre.licalvf,IyrGre.lifmassbf,IyrGre.litemptop,IyrGre.lithk,IyrGre.orog,IyrGre.snc,IyrGre.strbasemag,IyrGre.xvelbase,IyrGre.xvelmean,IyrGre.xvelsurf,IyrGre.yvelbase,IyrGre.yvelmean,IyrGre.yvelsurf,IyrGre.zvelbase,IyrGre.zvelsurf,LImon.acabfIs,LImon.hflsIs,LImon.hfssIs,LImon.icemIs,LImon.litemptopIs,LImon.mrroIs,LImon.orogIs,LImon.prraIs,LImon.prsnIs,LImon.rldsIs,LImon.rlusIs,LImon.rsdsIs,LImon.rsusIs,LImon.sblIs,LImon.sncIs,LImon.snicefreezIs,LImon.snicemIs,LImon.snmIs,LImon.tasIs,LImon.tsIs,LImon.tsnIs",a269a4df-8c9b-11ef-944e-41a8eb05f654
area: time: mean where natural_grasses (mask=grassFrac),grassFrac,amng-twm,Weighted Time Mean on Natural Grasses,1,"Emon.cVegGrass,Emon.gppGrass,Emon.nppGrass,Emon.raGrass,Emon.rhGrass,Emon.vegHeightGrass",a269a4e0-8c9b-11ef-944e-41a8eb05f654
area: time: mean where pastures (mask=pastureFrac),pastureFrac,amnp-twm,Weighted Time Mean on Pastures,1,,a269a4e1-8c9b-11ef-944e-41a8eb05f654
area: time: mean where sea_ice,,,,,,80ab72ab-a698-11ef-914a-613c0433d878
area: time: mean where sea_ice (mask=siconc),siconc,amnsi-twm,Weighted Time Mean on Sea-Ice,1,"Emon.rsdssi,Emon.rsussi,SIday.siage,SIday.sifb,SIday.siflcondbot,SIday.siflcondtop,SIday.sifllattop,SIday.sifllwdtop,SIday.sifllwutop,SIday.siflsensbot,SIday.siflsenstop,SIday.siflswdbot,SIday.siflswdtop,SIday.siflswutop,SIday.siitdconc,SIday.siitdsnconc,SIday.siitdsnthick,SIday.siitdthick,SIday.simpconc,SIday.simpeffconc,SIday.simprefrozen,SIday.simpthick,SIday.sirdgconc,SIday.sirdgthick,SIday.sisali,SIday.sisaltmass,SIday.sisnhc,SIday.sispeed,SIday.sitempbot,SIday.sitempsnic,SIday.sitemptop,SIday.sithick,SIday.siu,SIday.siv,SImon.siage,SImon.sialgc,SImon.sichl,SImon.sicompstren,SImon.sidragbot,SImon.sidragtop,SImon.sifb,SImon.siflcondbot,SImon.siflcondtop,SImon.siflfwbot,SImon.siflfwdrain,SImon.siflsaltbot,SImon.siflsensbot,SImon.siflswdbot,SImon.siforcecoriolx,SImon.siforcecorioly,SImon.siforceintstrx,SImon.siforceintstry,SImon.siforcetiltx,SImon.siforcetilty,SImon.sigpp,SImon.siitdconc,SImon.simpconc,SImon.simpeffconc,SImon.sino3,SImon.sipr,SImon.sirdgconc,SImon.sisali,SImon.sisi,SImon.sisnconc,SImon.sisndmassdyn,SImon.sisndmassmelt,SImon.sisndmasssi,SImon.sisndmasssnf,SImon.sisndmasssubl,SImon.sisndmasswind,SImon.sisnhc,SImon.sisnmass,SImon.sispeed,SImon.sistrxdtop,SImon.sistrxubot,SImon.sistrydtop,SImon.sistryubot,SImon.sitempbot,SImon.sitempsnic,SImon.sitemptop,SImon.sithick,SImon.siu,SImon.siv",a269a4e2-8c9b-11ef-944e-41a8eb05f654
area: time: mean where sea_ice (mask=siconca),siconca,amnsia-twm,Weighted Time Mean on Sea-Ice (Atmospheric Grid),1,"SImon.sifllattop,SImon.sifllwdtop,SImon.sifllwutop,SImon.siflsenstop,SImon.siflswdtop,SImon.siflswutop",a269a4e3-8c9b-11ef-944e-41a8eb05f654
area: time: mean where sea_ice (mask=siitdconc),siitdconc,amnsib-twm,Weighted Time Mean in Sea-Ice Thickness Bands,1,"SImon.siitdsnconc,SImon.siitdsnthick,SImon.siitdthick",a269a4e4-8c9b-11ef-944e-41a8eb05f654
area: time: mean where sea_ice_melt_pond (mask=simpconc),simpconc,amnsimp-twm,Weighted Time Mean in Sea-Ice Melt Ponds,1,"SImon.simprefrozen,SImon.simpthick",a269a4e5-8c9b-11ef-944e-41a8eb05f654
area: time: mean where sea_ice_ridges (mask=sirdgconc),sirdgconc,amnsirdg-twm,Weighted Time Mean on Sea-Ice Rdges,1,SImon.sirdgthick,a269a4e6-8c9b-11ef-944e-41a8eb05f654
area: time: mean where sector,,amlu-twm,Weighted Time Mean on Landuse Tiles,1,"Eday.gppVgt,Eday.laiVgt,Eday.nppVgt,Eday.raVgt,Eday.rhVgt,Emon.fLulccAtmLut,Emon.gppLut,Emon.hflsLut,Emon.hfssLut,Emon.irrLut,Emon.laiLut,Emon.mrsosLut,Emon.necbLut,Emon.nppLut,Emon.raLut,Emon.rhLut,Emon.sweLut,Emon.tasLut,Emon.tslsiLut",a269a4e7-8c9b-11ef-944e-41a8eb05f654
area: time: mean where shrubs (mask=shrubFrac),shrubFrac,amnshr-twm,Weighted Time Mean on Shrubs,1,"Emon.cVegShrub,Emon.gppShrub,Emon.nppShrub,Emon.raShrub,Emon.rhShrub,Emon.vegHeightShrub",a269a4e8-8c9b-11ef-944e-41a8eb05f654
area: time: mean where snow (mask=snc),snc,amnsnla-twm,Weighted Time Mean in over Snow,1,"Emon.albsn,Emon.rsdss,Emon.rsuss",a269a4e9-8c9b-11ef-944e-41a8eb05f654
area: time: mean where stratiform_cloud (weighted by total stratiform cloud area),,amsc-twm,Weighted Time Mean on Stratiform Cloud,,"Eday.reffsclwtop,Emon.reffclis,Emon.reffclws,Emon.reffsclwtop",8552c394-da6a-11ef-ad2e-15144caece00
area: time: mean where trees (mask=treeFrac),treeFrac,amntr-twm,Weighted Time Mean on Unfrozen Ground,1,"Emon.cVegTree,Emon.gppTree,Emon.nppTree,Emon.raTree,Emon.rhTree,Emon.vegHeightTree",a269a4ea-8c9b-11ef-944e-41a8eb05f654
"area: time: mean where unfrozen_soil (at the surface, but frozen below zero isotherm)",,amnunf-twm,Weighted Time Mean on Bare Ground,1,"Emon.rsdslni,Emon.rsuslni",a269a4eb-8c9b-11ef-944e-41a8eb05f654
area: time: mean where vegetation (mask=vegFrac),vegFrac,amnv-twm,Weighted Time Mean on Vegetation,1,Emon.vegHeight,a269a4ec-8c9b-11ef-944e-41a8eb05f654
depth: area: sum where sea time: mean,,,,,"Odec.volo,Omon.volo",80ac3151-a698-11ef-914a-613c0433d878
depth: sum where sea time: mean,,,,,Omon.mfo,80ac3146-a698-11ef-914a-613c0433d878
fixed,,fixed,Fixed Field,1,,a269a4ed-8c9b-11ef-944e-41a8eb05f654
height: area: mean time: mean within years time: mean over years (with all samples weighted by the number of moles of air in the sample),,,,,Amon.ch4globalClim,80ac3147-a698-11ef-914a-613c0433d878
height: area: time: mean (with all samples weighted by the number of moles of air in the sample),,,,,"Amon.ch4global,Amon.hcfc22global",80ac3148-a698-11ef-914a-613c0433d878
height: sum (through atmospheric column) area: sum time: mean,,vsm-tmn,Integral over Atmospheric Volume and Time Mean,,"Amon.cfc11global,Amon.cfc12global,Amon.cfc113global,Amon.co2mass,Amon.n2oglobal",dd925f4a-a81f-11ef-851e-c9d2077e3a3c
height: sum (through atmospheric column) area: sum time: mean within years time: mean over years,,vsm-clim,Integral over Atmospheric Volume and Time Climatology,,"Amon.co2massCLim,Amon.n2oglobalClim",e08889d0-a820-11ef-851e-c9d2077e3a3c
longitude: mean time: point,,zmean-tpt,Zonal Mean,1,,a269a4ee-8c9b-11ef-944e-41a8eb05f654
longitude: sum (basin sum [along zig-zag grid path]) depth: sum time: mean,,bzzsum-tmn,Basin Zig-Zag Zonal Sum,1,"Omon.hfbasin,Omon.hfbasinpadv,Omon.hfbasinpmadv,Omon.hfbasinpmdiff,Omon.hfbasinpsmadv,Omon.htovgyre,Omon.htovovrt,Omon.msftmrho,Omon.msftmrhompa,Omon.msftmz,Omon.msftmzmpa,Omon.msftmzsmpa,Omon.sltbasin,Omon.sltovgyre,Omon.sltovovrt",a269a4ef-8c9b-11ef-944e-41a8eb05f654
longitude: time: mean where air,,zmeana-twm,Zonal Time Mean,1,"AERmonZ.bry,AERmonZ.ch4,AERmonZ.cly,AERmonZ.h2o,AERmonZ.hcl,AERmonZ.hno3,AERmonZ.ho2,AERmonZ.meanage,AERmonZ.n2o,AERmonZ.noy,AERmonZ.o3,AERmonZ.oh,AERmonZ.ta,AERmonZ.ua,AERmonZ.va,AERmonZ.vt100,AERmonZ.zg,EdayZ.epfy,EdayZ.epfz,EdayZ.psitem,EdayZ.ta,EdayZ.tauunoegw,EdayZ.tauunowgw,EdayZ.tauuogw,EdayZ.tauvnogw,EdayZ.tauvogw,EdayZ.tntmp,EdayZ.tntrl,EdayZ.tntrs,EdayZ.ua,EdayZ.utendepfd,EdayZ.utendnogw,EdayZ.utendogw,EdayZ.utendvtem,EdayZ.utendwtem,EdayZ.vtem,EdayZ.wtem,EdayZ.zg,EmonZ.epfy,EmonZ.epfz,EmonZ.tntc,EmonZ.tntmp,EmonZ.tntnogw,EmonZ.tntogw,EmonZ.tntrl,EmonZ.tntrlcs,EmonZ.tntrs,EmonZ.tntrscs,EmonZ.tntscp,EmonZ.utendepfd,EmonZ.utendnogw,EmonZ.utendogw,EmonZ.vtem,EmonZ.wtem",a269a4f0-8c9b-11ef-944e-41a8eb05f654
time: mean,,ax-tmn,Time Mean,1,"Amon.ch4,Amon.co2,Amon.hur,Amon.hus,Amon.n2o,Amon.o3,Amon.ta,Amon.ua,Amon.va,Amon.wap,Amon.zg,day.hur,day.hus,day.ta,day.ua,day.va,day.wap,day.zg,Eday.hus,Eday.ta,Eday.ua,Eday.va,Eday.wap,Eday.zg,Emon.clcalipsoice,Emon.clcalipsoliq,Emon.utendnogw,Emon.utendogw,Emon.vtendnogw,Emon.vtendogw,SImon.siareaacrossline,SImon.sidmasstranx,SImon.sidmasstrany,SImon.simassacrossline,SImon.sisnmassacrossline",a269a4f1-8c9b-11ef-944e-41a8eb05f654
time: mean grid_longitude: mean,,bgzmean-tmn,Basin Zonal Mean on Model Grid,1,"Omon.msftyrho,Omon.msftyrhompa,Omon.msftyz,Omon.msftyzmpa",a269a4f2-8c9b-11ef-944e-41a8eb05f654
time: point,,ax-tpt,Instantaneous,1,"6hrLev.ua,6hrLev.va,6hrPlevPt.prw,6hrPlevPt.taUTLS",a269a4f3-8c9b-11ef-944e-41a8eb05f654