Name,Title,Description,CF Category,Output Name,CF Standard Name,Axis Flag,Spatial Shape,Bounds Flag,Bounds (Scalar),Requested Bounds,Stored Direction,Positive Direction,Requested Values,Tolerance,Type,Units,Maximum Valid Value,Minimum Valid Value,Value (Scalar or String),Climatology Flag,Grid Class,Notes,Deprecated,Temporal Shape,Variables,Size,UID
alevel,Atmospheric Model Level,"Generic atmospheric model vertical coordinate (nondimensional or dimensional) [use CF standard name apporpriate for model vertical coordinate, e.g. model_level_number or atmosphere_sigma_coordinate]",dimension,lev,x,Z,"Atmospheric profiles at specified sites,Global field on model atmosphere levels,Zonal mean (on model levels)",checked,,,,up,,,double,,,,,,options,,,,,60,a269a4fc-8c9b-11ef-944e-41a8eb05f654
alevhalf,Atmospheric Model Half-level,"Atmospheric model ""half"" level [use CF standard name apporpriate for model vertical coordinate, e.g. model_level_number or atmosphere_sigma_coordinate]",dimension,lev,,Z,"Atmospheric profile (model half-levels),Atmospheric profiles (half levels) at specified sites,Global field on model atmosphere half-levels",,,,,up,,,double,,,,,,options,,,,,60,a269a4fd-8c9b-11ef-944e-41a8eb05f654
alt16,Altitude (16 Levels for MISR),MISR  vertical coordinate heights (first row is reserved for the retrieval error flag),dimension,alt16,altitude,Z,Global field (16 altitudes),checked,,-99000.0 0.0 0.0 500.0 500.0 1000.0 1000.0 1500.0 1500.0 2000.0 2000.0 2500.0 2500.0 3000.0 3000.0 4000.0 4000.0 5000.0 5000.0 7000.0 7000.0 9000.0 9000.0 11000.0 11000.0 13000.0 13000.0 15000.0 15000.0 17000.0 17000.0 99000.0,increasing,up,0 250 750 1250 1750 2250 2750 3500 4500 6000 8000 10000 12000 14500 16000 18000,1,double,m,,,,,fixed,,,,,16,a269a4fe-8c9b-11ef-944e-41a8eb05f654
alt40,Altitude (40 Levels for CloudSat),CloudSat vertical coordinate heights,dimension,alt40,altitude,Z,Global field on 40 altitude levels,checked,,0.0 480.0 480.0 960.0 960.0 1440.0 1440.0 1920.0 1920.0 2400.0 2400.0 2880.0 2880.0 3360.0 3360.0 3840.0 3840.0 4320.0 4320.0 4800.0 4800.0 5280.0 5280.0 5760.0 5760.0 6240.0 6240.0 6720.0 6720.0 7200.0 7200.0 7680.0 7680.0 8160.0 8160.0 8640.0 8640.0 9120.0 9120.0 9600.0 9600.0 10080.0 10080.0 10560.0 10560.0 11040.0 11040.0 11520.0 11520.0 12000.0 12000.0 12480.0 12480.0 12960.0 12960.0 13440.0 13440.0 13920.0 13920.0 14400.0 14400.0 14880.0 14880.0 15360.0 15360.0 15840.0 15840.0 16320.0 16320.0 16800.0 16800.0 17280.0 17280.0 17760.0 17760.0 18240.0 18240.0 18720.0 18720.0 19200.0,increasing,up,240. 720. 1200. 1680. 2160. 2640. 3120. 3600. 4080. 4560. 5040. 5520. 6000. 6480. 6960. 7440. 7920. 8400. 8880. 9360. 9840. 10320. 10800. 11280. 11760. 12240. 12720. 13200. 13680. 14160. 14640. 15120. 15600. 16080. 16560. 17040. 17520. 18000. 18480. 18960.,1,double,m,,,,,fixed,,,,,40,a269a4ff-8c9b-11ef-944e-41a8eb05f654
basin,Ocean Basin,,dimension,basin,region,,"Ocean basin meridional section,Ocean basin meridional section (on density surfaces),Ocean basin meridional section (on model grid and density surfaces),Ocean basin meridional section (on model grid),Ocean basin zonal mean",,,,,,atlantic_arctic_ocean indian_pacific_ocean global_ocean,,character,,,,,,fixed,,,,,3,a269a500-8c9b-11ef-944e-41a8eb05f654
dbze,CloudSat Simulator Equivalent Radar Reflectivity Factor,15 bins of radar reflectivity for CloudSat simulator CFAD,dimension,dbze,equivalent_reflectivity_factor,,,checked,,-50.0 -45.0 -45.0 -40.0 -40.0 -35.0 -35.0 -30.0 -30.0 -25.0 -25.0 -20.0 -20.0 -15.0 -15.0 -10.0 -10.0 -5.0 -5.0 0.0 0.0 5.0 5.0 10.0 10.0 15.0 15.0 20.0 20.0 25.0,increasing,,-47.5 -42.5 -37.5 -32.5 -27.5 -22.5 -17.5 -12.5 -7.5 -2.5 2.5 7.5 12.5 17.5 22.5,1,double,dBZ,,,,,fixed,,,,,15,a269a501-8c9b-11ef-944e-41a8eb05f654
deltasigt,"sigma_t criterion that determines  layer thickness. 

The method to calculate the mixed layer depth (mlotst) is documented in Griffies et al. 2016 ( https://doi.org/10.5194/gmd-9-3231-2016 ). It is the depth at which density is larger than the density of the first model level+ a threshold of 0.03 kg.m-3 (appendix H24). For CMIP7, we propose to make the reference depth 10 m instead of the first model level (note than some modelling groups already did it that way for CMIP6). A recent study based on OMIP (Treguier et al. 2023, https://doi.org/10.5194/gmd-16-3849-2023 )discusses the fact that using the first model level as a reference makes mlotst less comparable with obs (obs-based datasets reference the MLD to 10m because the diurnal cycle is not well-sampled by observations). Furthermore, the difference of the depth of the first model level between different models makes a significant difference in the computed MLDs in some seasons/regions (Treguier et al., 2023).",Coordinate variable for use with ocean_mixed_layer_thickness_defined_by_sigma_t standard name.,coordinate,dsigmat,sea_water_sigma_t_difference,,,,,,,,,,double,kg m-3,,,0.03,,fixedScalar,,,,"Eday.mlotst,Oday.mlotst,Omon.mlotst,Omon.mlotstmax,Omon.mlotstmin,Omon.mlotstsq",1,966ba436-a816-11ef-851e-c9d2077e3a3c
depth0m,depth,vertical coordinate for ocean surface,coordinate,depth,depth,Z,,,,,increasing,down,,,double,m,100.0,0.0,0.,,fixedScalar,,,,"3hr.mpw,3hr.swh,3hr.wdir,3hr.wpdir,3hr.wpp,3hrPt.mpw,3hrPt.swh,3hrPt.wdir,3hrPt.wpdir,3hrPt.wpp,6hr.mpw,6hr.mpwswell,6hr.mpwwindsea,6hr.sduo,6hr.sdvo,6hr.swh,6hr.swhmax,6hr.swhswell,6hr.swhwindsea,6hr.wdir,6hr.wdirswell,6hr.wdirwindsea,6hr.wpdir,6hr.wpdirswell,6hr.wpdirwindsea,6hr.wpp,6hr.wppswell,6hr.wppwindsea,Oday.chlos,Oday.uos,Oday.vos,Omon.dpco2,Omon.fsfe,Omon.fsn,Omon.icfriver,Omon.mpw,Omon.mpwswell,Omon.mpwwindsea,Omon.ocfriver,Omon.ppos,Omon.sduo,Omon.sdvo,Omon.spco2,Omon.swh,Omon.swhmax,Omon.swhswell,Omon.swhwindsea,Omon.wdir,Omon.wdirswell,Omon.wdirwindsea,Omon.wpdir,Omon.wpdirswell,Omon.wpdirwindsea,Omon.wpp,Omon.wppswell,Omon.wppwindsea",1,a269a502-8c9b-11ef-944e-41a8eb05f654
depth100m,depth,coordinate value for 100 m ocean depth,coordinate,depth,depth,Z,,,,,increasing,down,,,double,m,120.0,80.0,100.,,fixedScalar,,,,"Omon.epc100,Omon.epcalc100,Omon.epn100,Omon.epp100,Omon.epsi100",1,a269a503-8c9b-11ef-944e-41a8eb05f654
depth300m,depth,coordinate value for 300 m ocean depth,coordinate,depth,depth,Z,,checked,"0, 300",,increasing,down,,,double,m,300.0,0.0,150.,,fixedScalar,,,,Emon.thetaot300,1,a269a504-8c9b-11ef-944e-41a8eb05f654
depth700m,depth,coordinate value for 700 m ocean depth,coordinate,depth,depth,Z,,checked,"0, 700",,increasing,down,,,double,m,700.0,0.0,350.,,fixedScalar,,,,Emon.thetaot700,1,a269a505-8c9b-11ef-944e-41a8eb05f654
depth1000m,depth,coordinate value for 1000 m ocean depth,coordinate,depth,depth,Z,,,,,increasing,down,,,double,m,1200.0,800.0,1000.,,fixedScalar,,,,"Omon.epc1000,Omon.epcalc1000",1,80ab72aa-a698-11ef-914a-613c0433d878
depth2000m,depth,coordinate value for 2000 m ocean depth,coordinate,depth,depth,Z,,checked,"0, 2000",,increasing,down,,,double,m,2000.0,0.0,1000.,,fixedScalar,,,,Emon.thetaot2000,1,a269a506-8c9b-11ef-944e-41a8eb05f654
depthseafloor,last water column cell above the sea floor,coordinate value for the lowest ocean cell above sea floor ,coordinate,depth,sea_floor_depth_below_geoid,Z,Global field at sea floor,,,,,,,,double,m,,,,,fixedScalar,,,,,1,80ab7462-a698-11ef-914a-613c0433d878
effectRadIc,Effective Radius for Ice Aerosol,Effective Radius of Ice Aerosols  [Values to be specified],dimension,effectRadIc,,,,,,0.0 10.0 10.0 20.0 20.0 30.0 30.0 40.0 40.0 60.0 60.0 90.0,,,5. 15. 25. 35. 50. 75.,,double,micron,,,,,fixed,,,,,6,a269a507-8c9b-11ef-944e-41a8eb05f654
effectRadLi,Effective Radius for Liquid Aerosols,Effective Radius of Liquid Aerosols  [Values to be specified],dimension,effectRadLi,,,,,,0.0 8.0 8.0 10.0 10.0 13.0 13.0 15.0 15.0 20.0 20.0 30.0,,,4. 9. 11.5 14. 17.5 25.,,double,micron,,,,,fixed,,,,,6,a269a508-8c9b-11ef-944e-41a8eb05f654
gridlatitude,Grid Latitude,,dimension,rlat,grid_latitude,Y,Ocean basin meridional section (on model grid),checked,,,increasing,,,,double,degrees,90.0,-90.0,,,model,,,,,,a269a509-8c9b-11ef-944e-41a8eb05f654
height2m,height,~2 m standard surface air temperature and surface humidity  height,coordinate,height,height,Z,,,,,increasing,up,,,double,m,10.0,1.0,2.,,fixedScalar,,,,"3hr.huss,3hr.tas,6hrPlev.hurs,6hrPlev.huss,6hrPlev.tas,AERhr.tas,Amon.hurs,Amon.huss,Amon.tas,Amon.tasmax,Amon.tasmin,CF3hr.hurs,CFsubhr.hurs,CFsubhr.huss,CFsubhr.tas,day.hurs,day.hursmax,day.hursmin,day.huss,day.noaahi2m,day.noaahi2mmax,day.tas,day.tasmax,day.tasmin,day.wbgt2m,day.wbgt2mmax,E1hr.hurs,E1hr.huss,E1hr.rsdsdiff,Eday.hursminCrop,Eday.tasmaxCrop,Eday.tasminCrop,Emon.tasLut,ImonAnt.tas,ImonGre.tas",1,a269a50a-8c9b-11ef-944e-41a8eb05f654
height10m,height,~10 m standard wind speed height,coordinate,height,height,Z,,,,,increasing,up,,,double,m,30.0,1.0,10.,,fixedScalar,,,,"3hrPt.uas,3hrPt.vas,6hrPlev.sfcWind,6hrPlev.uas,6hrPlev.vas,6hrPlevPt.uas,6hrPlevPt.vas,Amon.sfcWind,Amon.uas,Amon.vas,CFsubhr.sfcWind,CFsubhr.uas,CFsubhr.vas,day.sfcWind,day.sfcWindmax,day.uas,day.vas,E1hr.sfcWind,E1hr.uas,E1hr.vas,E1hr.wsgmax10m,E3hr.sfcWind,Emon.sfcWindmax,Emon.wsgmax10m",1,a269a50b-8c9b-11ef-944e-41a8eb05f654
height100m,height,~100 m height for wind turbine diagnostics,coordinate,height,height,Z,,,,,increasing,up,,,double,m,120.0,80.0,100.,,fixedScalar,,,,"3hr.ua100m,3hr.va100m,E1hr.ua100m,E1hr.va100m,E1hr.wsgmax100m,Emon.wsgmax100m",1,a269a50c-8c9b-11ef-944e-41a8eb05f654
iceband,Ice Depth Band,Ice depth bands,dimension,iceband,sea_ice_thickness,,,checked,,,,,,,double,m,,,,,,,,,,5,a269a50d-8c9b-11ef-944e-41a8eb05f654
lambda443nm,Radiation Wavelength 443 nanometers,Radiation wavelength used for monitoring aerosol properties,coordinate,wavelength,radiation_wavelength,,,,,,,,,,double,nm,,,443.0,,fixedScalar,,,,AERmon.od443aer,1,a3d66f22-a7ec-11ef-851e-c9d2077e3a3c
lambda550nm,Radiation Wavelength 550 nanometers,Radiation wavelength used for monitoring aerosol properties,coordinate,wavelength,radiation_wavelength,,,,,,,,,,double,nm,,,550.0,,fixedScalar,,,,"6hrLev.bs550aer,6hrLev.ec550aer,AERday.od550aer,AERmon.abs550aer,AERmon.abs550bc,AERmon.abs550dust,AERmon.abs550no3,AERmon.abs550oa,AERmon.abs550so4,AERmon.abs550ss,AERmon.od550aer,AERmon.od550aerh2o,AERmon.od550bb,AERmon.od550bc,AERmon.od550csaer,AERmon.od550dust,AERmon.od550lt1aer,AERmon.od550no3,AERmon.od550oa,AERmon.od550so4,AERmon.od550soa,AERmon.od550ss,Amon.aod550volso4,Emon.ec550aer",1,a269a50e-8c9b-11ef-944e-41a8eb05f654
lambda865nm,Radiation Wavelength 865 nanometers,Radiation wavelength used for monitoring aerosol properties,coordinate,wavelength,radiation_wavelength,,,,,,,,,,double,nm,,,865.0,,fixedScalar,,,,AERmon.od865aer,1,a3d66f23-a7ec-11ef-851e-c9d2077e3a3c
landUse,Land use type,"In CMIP6, this is encoded as an index dimension called landuse and an auxiliary dimension called sector",dimension,landuse,area_type,,,,,,,,primary_and_secondary_land pastures crops urban,,character,,,,,,,,,,,4,a269a50f-8c9b-11ef-944e-41a8eb05f654
latitude,Latitude,,dimension,lat,latitude,Y,"Atmospheric zonal mean (on 19 pressure levels),Atmospheric zonal mean (on 39 pressure levels),Global field (3 pressure levels),Global field (4 pressure levels),""Global field (5 pressure levels, UTLS)"",Global field (6 pressure levels),Global field (7 pressure levels),Global field (7 pressure tropospheric levels),Global field (8 pressure levels),Global field (16 altitudes),Global field (19 pressure levels),Global field (27 pressure levels),Global field (single level),Global field at sea floor,Global field on 40 altitude levels,Global field on model atmosphere half-levels,Global field on model atmosphere levels,Global field on soil levels,Global ocean field on layers,Global ocean field on model half levels,Global ocean field on model levels,Ocean basin meridional section,Ocean basin meridional section (on density surfaces),Ocean basin zonal mean,Zonal mean (on model levels),Zonal mean (on surface)",checked,,,increasing,,,,double,degrees_north,90.0,-90.0,,,options,,,,,,a269a510-8c9b-11ef-944e-41a8eb05f654
longitude,Longitude,,dimension,lon,longitude,X,"Global field (3 pressure levels),Global field (4 pressure levels),""Global field (5 pressure levels, UTLS)"",Global field (6 pressure levels),Global field (7 pressure levels),Global field (7 pressure tropospheric levels),Global field (8 pressure levels),Global field (16 altitudes),Global field (19 pressure levels),Global field (27 pressure levels),Global field (single level),Global field at sea floor,Global field on 40 altitude levels,Global field on model atmosphere half-levels,Global field on model atmosphere levels,Global field on soil levels,Global ocean field on layers,Global ocean field on model half levels,Global ocean field on model levels",checked,,,increasing,,,,double,degrees_east,360.0,0.0,,,options,,,,,,a269a511-8c9b-11ef-944e-41a8eb05f654
olayer100m,depth,coordinate for 100 m ocean surface layer,coordinate,depth,depth,Z,,checked,"0, 100",,increasing,down,,,double,m,100.0,0.0,50.,,fixedScalar,,,,,1,a269a512-8c9b-11ef-944e-41a8eb05f654
olevel,Ocean Model Levels,generic ocean model vertical coordinate (nondimensional or dimensional),dimension,lev,,Z,"Global mean ocean profile,Global ocean field on model levels,Ocean basin meridional section,Ocean basin meridional section (on model grid)",checked,,,,down,,,double,,,,,,options,,,,,50,a269a513-8c9b-11ef-944e-41a8eb05f654
olevhalf,Ocean Model Half-levels,generic ocean model vertical coordinate (nondimensional or dimensional),dimension,lev,,Z,Global ocean field on model half levels,,,,,down,,,double,,,,,,options,,,,,50,a269a514-8c9b-11ef-944e-41a8eb05f654
oline,Ocean Straits,"opening, passage, strait, channel, etc. Bounds (lon,lat,depth):[([16.8,19.2],[76.5,70.2],[0,10000]),([-171.0,-166.0],[66.2,65.0],[0,10000]),([-75.0,-72.6],[20.2,19.7],[0,10000]),([-50.0,-65.0],[65.0,65.0],[0,10000]),([-37.0,-22.5],[66.1,66.0],[0,10000]),([-68.0,-60.0],[-54.0,-64.7],[0,10000]),([1.5,1.7],[51.1,51.0],[0,10000]),([-6.9,-5.0],[62.0,58.7],[0,10000]),([-78.5,-80.5],[26.0,27.0],[0,10000]),([-20.0,11.0],[79.0,79.0],[0,10000]),([-5.6,-5.6],[35.8,36.0],[0,10000]),([-13.6,-7.4],[64.9,62.2],[0,10000]),([100.0,140.0],[-6.0,-6.0],[0,10000]),([39.0,45.0],[-16.0,-18.0],[0,10000]),([-155.0,-155.0],[-2.0,2.0],[0,350]),([121.8,121.8],[18.3,22.3],[0,10000])]",dimension,line,region,,Ocean transect,,,,,,barents_opening bering_strait windward_passage davis_strait denmark_strait drake_passage english_channel faroe_scotland_channel florida_bahamas_strait fram_strait gibraltar_strait iceland_faroe_channel indonesian_throughflow mozambique_channel pacific_equatorial_undercurrent taiwan_luzon_straits ,,character,,,,,,fixed,,,,,16,a269a515-8c9b-11ef-944e-41a8eb05f654
op20bar,Hydrostatic Pressure 20bar,Coordinate level as hydrostatic pressure depth of 20bar (approximately 200m),coordinate,depth,sea_water_pressure_due_to_sea_water,Z,,,,,increasing,down,,,double,bar,22.0,18.0,20.2,,fixedScalar,,,,"Oday.bigthetao200,Oday.chl200,Oday.co3satarag200,Oday.co3200,Oday.o2200,Oday.ph200,Oday.phyc200,Oday.thetao200",1,a269a534-8c9b-11ef-944e-41a8eb05f654
oplayer4,Hydrostatic Pressure Layers,"Coordinate levels as hydrostatic pressure layers spanning 0-30.3, 30.3-70.7. 70.7 to 202.5 and 202.5 bar to ocean floor.",dimension,depth,sea_water_pressure_due_to_sea_water,Z,Global ocean field on layers,checked,,0. 30.3 30.3 70.7 70.7 202.5 202.5 10000.,increasing,down,15.  50.  136. 1000.,1,double,bar,,,,,fixed,,,,,4,a269a535-8c9b-11ef-944e-41a8eb05f654
p10,pressure,10 hPa,coordinate,plev,air_pressure,Z,,,,,,down,,,double,Pa,,,1000.,,fixedScalar,,,,"AERday.ua10,AERday.zg10",1,a269a516-8c9b-11ef-944e-41a8eb05f654
p100,pressure,100 hPa,coordinate,plev,air_pressure,Z,,,,,,down,,,double,Pa,,,10000.,,fixedScalar,,,,"6hrPlevPt.hur100,AERmonZ.vt100",1,a269a517-8c9b-11ef-944e-41a8eb05f654
p200,pressure,200 hPa,coordinate,plev,air_pressure,Z,,,,,,down,,,double,Pa,,,20000.,,fixedScalar,,,,"6hrPlevPt.ua200,6hrPlevPt.va200",1,87c85b28-a7e8-11ef-851e-c9d2077e3a3c
p220,pressure,pressure layer of high-level cloud in ISCCP simulator,coordinate,plev,air_pressure,Z,,checked,"44000, 0",,decreasing,down,,,double,Pa,,,22000.,,fixedScalar,,,,"CFday.clhcalipso,CFmon.clhcalipso",1,a269a518-8c9b-11ef-944e-41a8eb05f654
p500,pressure,500 hPa,coordinate,plev,air_pressure,Z,,,,,,down,,,double,Pa,,,50000.,,fixedScalar,,,,"6hrPlevPt.hur500,6hrPlevPt.zg500,AERday.zg500,CFday.wap500",1,a269a519-8c9b-11ef-944e-41a8eb05f654
p560,pressure,pressure layer of mid-level cloud in ISCCP simulator,coordinate,plev,air_pressure,Z,,checked,"68000, 44000",,decreasing,down,,,double,Pa,,,56000.,,fixedScalar,,,,"CFday.clmcalipso,CFmon.clmcalipso",1,a269a51a-8c9b-11ef-944e-41a8eb05f654
p700,pressure,700 hPa,coordinate,plev,air_pressure,Z,,,,,,down,,,double,Pa,,,70000.,,fixedScalar,,,,"6hrPlevPt.zg700,CFday.hur700,CFday.ta700",1,a269a51b-8c9b-11ef-944e-41a8eb05f654
p840,pressure,pressure layer of low-level cloud in ISCCP simulator,coordinate,plev,air_pressure,Z,,checked,"100000, 68000",,decreasing,down,,,double,Pa,,,84000.,,fixedScalar,,,,"CFday.cllcalipso,CFmon.cllcalipso",1,a269a51c-8c9b-11ef-944e-41a8eb05f654
p850,pressure,850 hPa,coordinate,plev,air_pressure,Z,,,,,,down,,,double,Pa,,,85000.,,fixedScalar,,,,"6hrPlev.rv850,6hrPlevPt.hur850,6hrPlevPt.rv850,Eday.ta850",1,a269a51d-8c9b-11ef-944e-41a8eb05f654
p925,pressure,925 hPa,coordinate,plev,air_pressure,Z,,,,,,down,,,double,Pa,,,20000.,,fixedScalar,,,,6hrPlevPt.zg925,1,88d9bf3e-a7e8-11ef-851e-c9d2077e3a3c
p1000,pressure,1000 hPa,coordinate,plev,air_pressure,Z,,,,,,down,,,double,Pa,,,100000.,,fixedScalar,,,,"6hrPlev.zg1000,AERday.zg1000",1,a269a51e-8c9b-11ef-944e-41a8eb05f654
pl700,pressure,Layer from 850 to 600hPa,coordinate,plev,air_pressure,Z,,checked,"85000, 60000",,,down,,,double,Pa,,,70000.,,fixedScalar,,,,,1,a269a51f-8c9b-11ef-944e-41a8eb05f654
plev3,Pressure Levels (3),,dimension,plev,air_pressure,Z,Global field (3 pressure levels),,,,decreasing,down,85000. 50000. 25000.,1,double,Pa,,,,,fixed,,,,,3,a269a520-8c9b-11ef-944e-41a8eb05f654
plev4,Pressure Levels (4),"Used for two HighResMIP variables, neither of which was published by anybody in CMIP6.",dimension,plev,air_pressure,Z,Global field (4 pressure levels),,,,decreasing,down,92500. 85000. 50000. 25000.,1,double,Pa,,,,,fixed,,,,,4,a269a522-8c9b-11ef-944e-41a8eb05f654
plev5u,"Pressure Levels (5, UTLS)"," The UTLS region (150, 175, 200, 225, and 250 hPa) impacts of climate change on aviation.
",dimension,plev,air_pressure,Z,"""Global field (5 pressure levels, UTLS)""",,,,decreasing,down,25000. 22500. 20000. 17500. 15000. ,1,double,Pa,,,,,fixed,,,,,5,a269a521-8c9b-11ef-944e-41a8eb05f654
plev6,"Pressure Levels (6, boundary layer)",6 pressure levels used for accurate assessment of land–atmosphere coupling ,dimension,plev,air_pressure,Z,Global field (6 pressure levels),,,,decreasing,down,95000. 90000. 85000. 80000. 75000. 70000.,1,double,Pa,,,,,fixed,,,,,6,"5f6a1636-f846-11ef-8cb2-abf30bcbed80,"
plev7c,Pressure Levels (7 for ISCCP),7 pressure layers defined by ISCCP simulator,dimension,plev,air_pressure,Z,Global field (7 pressure levels),checked,,100000.0 80000.0 80000.0 68000.0 68000.0 56000.0 56000.0 44000.0 44000.0 31000.0 31000.0 18000.0 18000.0 0.0,decreasing,down,90000. 74000. 62000. 50000. 37500. 24500. 9000.,1,double,Pa,,,,,fixed,,,,,7,a269a523-8c9b-11ef-944e-41a8eb05f654
plev7h,"Pressure Levels (7, Tropospheric)","7 pressure levels used for tropospheric studies (note it was originally a subset of plev27, but inclusion of 50hPa broke this link);",dimension,plev,air_pressure,Z,Global field (7 pressure tropospheric levels),,,,decreasing,down,92500. 85000. 70000. 60000. 50000. 25000.  5000.,1,double,Pa,,,,,fixed,,,,,7,a269a524-8c9b-11ef-944e-41a8eb05f654
plev8,Pressure Levels (8),,dimension,plev,air_pressure,Z,Global field (8 pressure levels),,,,decreasing,down,100000. 85000. 70000. 50000. 25000. 10000. 5000. 1000.,1,double,Pa,,,,,fixed,,,,,8,a269a525-8c9b-11ef-944e-41a8eb05f654
plev19,Pressure Levels (19),There are 19  requested levels. If the upper levels are above the model top they should be omitted.,dimension,plev,air_pressure,Z,"Atmospheric zonal mean (on 19 pressure levels),Global field (19 pressure levels)",checked,,,decreasing,down,100000. 92500. 85000. 70000. 60000. 50000. 40000. 30000. 25000. 20000. 15000. 10000. 7000. 5000. 3000. 2000. 1000. 500. 100.,1,double,Pa,,,,,fixed,,,,,19,a269a526-8c9b-11ef-944e-41a8eb05f654
plev27,Pressure Levels (27),Used to give extra resolution for HighResMIP monthly mean diagnostics.,dimension,plev,air_pressure,Z,Global field (27 pressure levels),,,,decreasing,down,100000. 97500. 95000. 92500. 90000. 87500. 85000. 82500. 80000. 77500. 75000. 70000. 65000. 60000. 55000. 50000. 45000. 40000. 35000. 30000. 25000. 22500. 20000. 17500. 15000. 12500. 10000.,1,double,Pa,,,,,fixed,,,,,27,a269a527-8c9b-11ef-944e-41a8eb05f654
plev39,Pressure Levels (39),Used for zonal mean fields (daily and monthly),dimension,plev,air_pressure,Z,Atmospheric zonal mean (on 39 pressure levels),,,,decreasing,down,100000. 92500. 85000. 70000. 60000. 50000. 40000. 30000. 25000. 20000. 17000. 15000. 13000. 11500. 10000. 9000. 8000. 7000. 5000. 3000. 2000. 1500. 1000. 700. 500. 300. 200. 150. 100. 70. 50. 40. 30. 20. 15. 10. 7. 5. 3.,1,double,Pa,,,,,fixed,,,,,39,a269a528-8c9b-11ef-944e-41a8eb05f654
rh100p2pct,Relative Humidity 100.2 percent,Reference relative humidity for cloud diagnostics with value 100.2 percent (equivalent to 0.2 percent supersaturation),coordinate,rh,relative_humidity,,,,,,,,,,double,1,,,0.2,,fixedScalar,,,,AERmon.ccn02,1,0462d7d1-fa73-11ef-b291-b5fed1446bfd
rh101pct,Relative Humidity 101 percent,Reference relative humidity for cloud diagnostics with value 101 percent (equivalent to 1 percent supersaturation),coordinate,rh,relative_humidity,,,,,,,,,,double,1,,,1,,fixedScalar,,,,AERmon.ccn1,1,0462d7d0-fa73-11ef-b291-b5fed1446bfd
rho,potential density referenced to 2000 dbar,potential density referenced to 2000 dbar,dimension,rho,sea_water_potential_density,Z,"Ocean basin meridional section (on density surfaces),Ocean basin meridional section (on model grid and density surfaces)",checked,,,increasing,down,,,double,kg m-3,,,,,model,,,,,50,a269a529-8c9b-11ef-944e-41a8eb05f654
scatratio,lidar backscattering ratio,15 bins of scattering ratio for the CALIPSO simulator CFAD,dimension,scatratio,backscattering_ratio,,,checked,,0.0 0.01 0.01 1.2 1.2 3.0 3.0 5.0 5.0 7.0 7.0 10.0 10.0 15.0 15.0 20.0 20.0 25.0 25.0 30.0 30.0 40.0 40.0 50.0 50.0 60.0 60.0 80.0 80.0 100000.0,increasing,,0.005 0.605 2.1 4. 6. 8.5 12.5 17.5 22.5 27.5 35. 45. 55. 70. 50040.,1,double,1,,,,,fixed,,,,,15,a269a52a-8c9b-11ef-944e-41a8eb05f654
scatter180,Scattering Angle,Angle of scattering relative to direction of incident radiation,coordinate,scatangle,scattering_angle,,,,,,,,,,double,degree,,,180.0,,fixedScalar,,,,,1,a269a52b-8c9b-11ef-944e-41a8eb05f654
sdepth,depth,"Soil layers (depth). If soil layer thicknesses vary from one location to another, interpolate to a standard set of depths.  Ideally, the interpolation should preserve the vertical integral where appropriate (e.g. for layer mass content).",dimension,depth,depth,Z,Global field on soil levels,checked,,,increasing,down,,,double,m,200.0,0.0,,,model,,,,,5,a269a52c-8c9b-11ef-944e-41a8eb05f654
sdepth1,depth,coordinate value for topmost 0.1 meter layer of soil,coordinate,depth,depth,Z,,checked,"0.0, 0.1",,increasing,down,,,double,m,0.1,0.0,0.05,,fixedScalar,,,,"3hr.mrsos,day.mrsos,Emon.mrsosLut,Lmon.mrsos",1,a269a52d-8c9b-11ef-944e-41a8eb05f654
sdepth10,depth,coordinate value for topmost 1 meter layer of soil,coordinate,depth,depth,Z,,checked,"0., 1.",,increasing,down,,,double,m,1.0,0.0,0.5,,fixedScalar,,,,"3hr.mrso10,Eday.mrso10,Emon.cSoilAbove1m",1,a269a52e-8c9b-11ef-944e-41a8eb05f654
siline,ocean passage,"1. Fram Strait = (11.5W,81.3N) to (10.5E,79.6N); 2. Canadian Archipelego = (128.2W,70.6N) to (59.3W,82.1N); 3. Barents opening = (16.8E,76.5N) to (19.2E,70.2N); 4. Bering Strait = (171W,66.2N) to (166W,65N);",dimension,line,region,,Ocean transect for sea-ice fluxes,,,,,,"fram_strait, canadian_archipelego, barents_opening, bering_strait",,character,,,,,,fixed,,,,,4,a269a52f-8c9b-11ef-944e-41a8eb05f654
site,site index,An integer assigned to each of 121 stations requested by CFMIP (see http://www.geosci-model-dev.net/10/359/2017/gmd-10-359-2017-supplement.zip ).,dimension,site,,,"Atmospheric profiles (half levels) at specified sites,Atmospheric profiles at specified sites,Site (specific locations requested by CFMIP)",,,,,,1..121,,integer,,,,,,fixed,,,,,121,a269a530-8c9b-11ef-944e-41a8eb05f654
soilpools,Soil Pools,Carbon soil pools,dimension,type,,,,,,,,,,,character,,,,,,model,,,,,5,a269a531-8c9b-11ef-944e-41a8eb05f654
spectband,Spectral Frequency Band,Spectral Band,dimension,spectband,sensor_band_central_radiation_wavenumber,,,checked,,,,,,,double,m-1,,,,,model,,,,,10,a269a532-8c9b-11ef-944e-41a8eb05f654
stempzero,Soil Temperature Zero,Specifying temperature ..,coordinate,stempzero,soil_temperature,Z,,,,,,,,,double,degC,,,0.0,,fixedScalar,,,,,1,a269a533-8c9b-11ef-944e-41a8eb05f654
sza5,solar zenith angle,5 solar zenith angles for PARASOL reflectances,dimension,sza,solar_zenith_angle,,,,,,increasing,,0. 20. 40. 60. 80.,1,double,degree,,,,,fixed,,,,,5,a269a536-8c9b-11ef-944e-41a8eb05f654
tau,cloud optical thickness,isccp optical depth categories,dimension,tau,atmosphere_optical_thickness_due_to_cloud,,,checked,,0.0 0.3 0.3 1.3 1.3 3.6 3.6 9.4 9.4 23.0 23.0 60.0 60.0 100000.0,increasing,,0.15 0.8 2.45 6.5 16.2 41.5 100.,1,double,1,,,,,fixed,,,,,7,a269a537-8c9b-11ef-944e-41a8eb05f654
time,Time Intervals,for time-mean fields,dimension,time,time,T,,checked,,,increasing,,,,double,days since ?,,,,,model,,,time-intv,,,a269a538-8c9b-11ef-944e-41a8eb05f654
time1,Time Points,synoptic times (for fields that are not time-means),dimension,time,time,T,,,,,increasing,,,,double,days since ?,,,,,model,,,time-point,,,a269a539-8c9b-11ef-944e-41a8eb05f654
time2,Monthly Climatology,climatological times,dimension,time,time,T,,checked,,,increasing,,,,double,days since ?,,,,checked,model,,,climatology,,,a269a53a-8c9b-11ef-944e-41a8eb05f654
time3,Diurnal Mean,Diurnal cycle: monthly mean of the diurnal cycle (1 hour steps).,dimension,time,time,T,,checked,,,increasing,,,,double,days since ?,,,,checked,model,,,diurnal-cycle,,,a269a53b-8c9b-11ef-944e-41a8eb05f654
time4,Monthly Mean Daily Satistics,,dimension,time,time,T,,checked,,,increasing,,,,double,days since ?,,,,checked,model,,,monthly-mean-daily-stat,,,a06034e6-bbca-11ef-9840-9de7167a7ecb
timefxc,Time Intervals for Fixed Climatology,For fixed monthly climatologies. In CF terms this is an interval mean over each month for an arbitrary year.,dimension,time,time,T,,checked,,,increasing,,,,double,days since ?,,,,,model,,,time-fxc,,,bee0bf8a-a818-11ef-851e-c9d2077e3a3c
typebare,surface type,,coordinate,type,area_type,,,,,,,,,,character,,,,bare_ground,,fixedScalar,,,,"Eyr.baresoilFrac,Lmon.baresoilFrac",1,a269a53c-8c9b-11ef-944e-41a8eb05f654
typeburnt,Burnt vegetation area type,,coordinate,type,area_type,,,,,,,,,,character,,,,burnt_vegetation,,fixedScalar,,,,Lmon.burntFractionAll,1,a269a53d-8c9b-11ef-944e-41a8eb05f654
typec3crop,surface type,,coordinate,type,area_type,,,,,,,,,,character,,,,crops_of_c3_plant_functional_types,,fixedScalar,,,,Emon.cropFracC3,1,a269a53e-8c9b-11ef-944e-41a8eb05f654
typec3natg,C3 Natural grass area type,,coordinate,type,area_type,,,,,,,,,,character,,,,natural_grasses_of_c3_plant_functional_types,,fixedScalar,,,,Emon.grassFracC3,1,a269a53f-8c9b-11ef-944e-41a8eb05f654
typec3pastures,C3 Pastures area type,,coordinate,type,area_type,,,,,,,,,,character,,,,pastures_of_c3_plant_functional_types,,fixedScalar,,,,Emon.pastureFracC3,1,a269a540-8c9b-11ef-944e-41a8eb05f654
typec3pft,surface type,,coordinate,type,area_type,,,,,,,,,,character,,,,c3_plant_functional_types,,fixedScalar,,,,Lmon.c3PftFrac,1,a269a541-8c9b-11ef-944e-41a8eb05f654
typec4crop,surface type,,coordinate,type,area_type,,,,,,,,,,character,,,,crops_of_c4_plant_functional_types,,fixedScalar,,,,Emon.cropFracC4,1,a269a542-8c9b-11ef-944e-41a8eb05f654
typec4natg,C4 Natural grass area type,,coordinate,type,area_type,,,,,,,,,,character,,,,natural_grasses_of_c4_plant_functional_types,,fixedScalar,,,,Emon.grassFracC4,1,a269a543-8c9b-11ef-944e-41a8eb05f654
typec4pastures,C4 Pastures area type,,coordinate,type,area_type,,,,,,,,,,character,,,,pastures_of_c4_plant_functional_types,,fixedScalar,,,,Emon.pastureFracC4,1,a269a544-8c9b-11ef-944e-41a8eb05f654
typec4pft,surface type,,coordinate,type,area_type,,,,,,,,,,character,,,,c4_plant_functional_types,,fixedScalar,,,,Lmon.c4PftFrac,1,a269a545-8c9b-11ef-944e-41a8eb05f654
typecrop,Crop area type,,coordinate,type,area_type,,,,,,,,,,character,,,,crops,,fixedScalar,,,,"Eyr.cropFrac,Lmon.cropFrac",1,a269a546-8c9b-11ef-944e-41a8eb05f654
typeli,Land Ice area type,,coordinate,type,area_type,,,,,,,,,,character,,,,land_ice,,fixedScalar,,,,,1,a269a547-8c9b-11ef-944e-41a8eb05f654
typelkins,Lake and inland sea area type,,coordinate,type,area_type,,,,,,,,,,character,,,,lake_and_inland_sea,,fixedScalar,Agreed in discussion: https://github.com/cf-convention/vocabularies/issues/222 ,,,fx.sftlkf,1,80ab72c8-a698-11ef-914a-613c0433d878
typemp,Melt pond area type,,coordinate,type,area_type,,,,,,,,,,character,,,,sea_ice_melt_pond,,fixedScalar,,,,"SIday.simpeffconc,SImon.simpconc,SImon.simpeffconc",1,a269a548-8c9b-11ef-944e-41a8eb05f654
typenatgr,Natural grass area type,,coordinate,type,area_type,,,,,,,,,,character,,,,natural_grasses,,fixedScalar,,,,"Eyr.grassFrac,Lmon.grassFrac",1,a269a549-8c9b-11ef-944e-41a8eb05f654
typenwd,Non-Woody Vegetation area type,,coordinate,type,area_type,,,,,,,,,,character,,,,herbaceous_vegetation,,fixedScalar,,,,,1,a269a54a-8c9b-11ef-944e-41a8eb05f654
typepasture,Pasture area type,,coordinate,type,area_type,,,,,,,,,,character,,,,pastures,,fixedScalar,,,,Lmon.pastureFrac,1,a269a54b-8c9b-11ef-944e-41a8eb05f654
typepdec,surface type,,coordinate,type,area_type,,,,,,,,,,character,,,,primary_deciduous_trees,,fixedScalar,,,,,1,a269a54c-8c9b-11ef-944e-41a8eb05f654
typepever,surface type,,coordinate,type,area_type,,,,,,,,,,character,,,,primary_evergreen_trees,,fixedScalar,,,,,1,a269a54d-8c9b-11ef-944e-41a8eb05f654
typeresidual,Residual area,,coordinate,type,,,,,,,,,,,character,,,,residual,,fixedScalar,Anomalous area type,,,"Eyr.residualFrac,Lmon.residualFrac",1,a269a54e-8c9b-11ef-944e-41a8eb05f654
typesdec,surface type,,coordinate,type,area_type,,,,,,,,,,character,,,,secondary_decidous_trees,,fixedScalar,,,,,1,a269a54f-8c9b-11ef-944e-41a8eb05f654
typesever,surface type,,coordinate,type,area_type,,,,,,,,,,character,,,,secondary_evergreen_trees,,fixedScalar,,,,,1,a269a550-8c9b-11ef-944e-41a8eb05f654
typeshrub,Shrub area type,,coordinate,type,area_type,,,,,,,,,,character,,,,shrubs,,fixedScalar,,,,"Eyr.shrubFrac,Lmon.shrubFrac",1,a269a551-8c9b-11ef-944e-41a8eb05f654
typesi,Sea Ice area type,,coordinate,type,area_type,,,,,,,,,,character,,,,sea_ice,,fixedScalar,,,,"SIday.siconc,SIday.siconca,SImon.siconc,SImon.siconca",1,a269a552-8c9b-11ef-944e-41a8eb05f654
typesirdg,Sea Ice Ridge  area type,,coordinate,type,area_type,,,,,,,,,,character,,,,sea_ice_ridges,,fixedScalar,,,,SImon.sirdgconc,1,a269a553-8c9b-11ef-944e-41a8eb05f654
typetree,Tree area type,,coordinate,type,area_type,,,,,,,,,,character,,,,trees,,fixedScalar,,,,"Eyr.treeFrac,Lmon.treeFrac",1,a269a554-8c9b-11ef-944e-41a8eb05f654
typetreebd,Tree area type (Broadleaf Deciduous),,coordinate,type,area_type,,,,,,,,,,character,,,,trees,,fixedScalar,,,,Emon.treeFracBdlDcd,1,a269a555-8c9b-11ef-944e-41a8eb05f654
typetreebe,Tree area type (Broadleaf Evergreen),,coordinate,type,area_type,,,,,,,,,,character,,,,trees,,fixedScalar,,,,Emon.treeFracBdlEvg,1,a269a556-8c9b-11ef-944e-41a8eb05f654
typetreend,Tree area type (Needleleaf Deciduous),,coordinate,type,area_type,,,,,,,,,,character,,,,trees,,fixedScalar,,,,Emon.treeFracNdlDcd,1,a269a557-8c9b-11ef-944e-41a8eb05f654
typetreene,Tree area type (Needleleaf Evergreen),,coordinate,type,area_type,,,,,,,,,,character,,,,trees,,fixedScalar,,,,Emon.treeFracNdlEvg,1,a269a558-8c9b-11ef-944e-41a8eb05f654
typeveg,Vegetation area type,,coordinate,type,area_type,,,,,,,,,,character,,,,vegetation,,fixedScalar,,,,"Emon.vegFrac,Eyr.vegFrac",1,a269a559-8c9b-11ef-944e-41a8eb05f654
typewetla,Wetland,,coordinate,type,area_type,,,,,,,,,,character,,,,wetland,,fixedScalar,,,,Emon.wetlandFrac,1,a269a55a-8c9b-11ef-944e-41a8eb05f654
vegtype,Vegetation or Land Cover Type,"Vegetation or land cover type. Where possible, please use terms from the CF Convention Area Type table: http://cfconventions.org/Data/area-type-table/6/build/area-type-table",dimension,type,area_type,,,,,,,,broadleaf_deciduous_trees broadleaf_evergreen_trees needleleaf_deciduous_trees needleleaf_evergreen_tree natural_grasses crops shrubs,,character,,,,,,fixed,,,,,7,a269a55b-8c9b-11ef-944e-41a8eb05f654
xant,X-coordinate of Antarctic grid,X-coordinate of Antarctic grid (stubb),dimension,xant,projection_x_coordinate,X,Polar stereographic grid (Antarctic),,,,,,,,double,km,,,,,fixedExternal,,,,,,a269a55c-8c9b-11ef-944e-41a8eb05f654
xgre,X-coordinate of Greenland grid,X-coordinate of Greenland grid (stubb),dimension,xgre,projection_x_coordinate,X,Polar stereographic grid (Greenland),,,,,,-800000.0 -795000.0 -790000.0 -785000.0 -780000.0 -775000.0 -770000.0 -765000.0 -760000.0 -755000.0 -750000.0 -745000.0 -740000.0 -735000.0 -730000.0 -725000.0 -720000.0 -715000.0 -710000.0 -705000.0 -700000.0 -695000.0 -690000.0 -685000.0 -680000.0 -675000.0 -670000.0 -665000.0 -660000.0 -655000.0 -650000.0 -645000.0 -640000.0 -635000.0 -630000.0 -625000.0 -620000.0 -615000.0 -610000.0 -605000.0 -600000.0 -595000.0 -590000.0 -585000.0 -580000.0 -575000.0 -570000.0 -565000.0 -560000.0 -555000.0 -550000.0 -545000.0 -540000.0 -535000.0 -530000.0 -525000.0 -520000.0 -515000.0 -510000.0 -505000.0 -500000.0 -495000.0 -490000.0 -485000.0 -480000.0 -475000.0 -470000.0 -465000.0 -460000.0 -455000.0 -450000.0 -445000.0 -440000.0 -435000.0 -430000.0 -425000.0 -420000.0 -415000.0 -410000.0 -405000.0 -400000.0 -395000.0 -390000.0 -385000.0 -380000.0 -375000.0 -370000.0 -365000.0 -360000.0 -355000.0 -350000.0 -345000.0 -340000.0 -335000.0 -330000.0 -325000.0 -320000.0 -315000.0 -310000.0 -305000.0 -300000.0 -295000.0 -290000.0 -285000.0 -280000.0 -275000.0 -270000.0 -265000.0 -260000.0 -255000.0 -250000.0 -245000.0 -240000.0 -235000.0 -230000.0 -225000.0 -220000.0 -215000.0 -210000.0 -205000.0 -200000.0 -195000.0 -190000.0 -185000.0 -180000.0 -175000.0 -170000.0 -165000.0 -160000.0 -155000.0 -150000.0 -145000.0 -140000.0 -135000.0 -130000.0 -125000.0 -120000.0 -115000.0 -110000.0 -105000.0 -100000.0 -95000.0 -90000.0 -85000.0 -80000.0 -75000.0 -70000.0 -65000.0 -60000.0 -55000.0 -50000.0 -45000.0 -40000.0 -35000.0 -30000.0 -25000.0 -20000.0 -15000.0 -10000.0 -5000.0 0.0 5000.0 10000.0 15000.0 20000.0 25000.0 30000.0 35000.0 40000.0 45000.0 50000.0 55000.0 60000.0 65000.0 70000.0 75000.0 80000.0 85000.0 90000.0 95000.0 100000.0 105000.0 110000.0 115000.0 120000.0 125000.0 130000.0 135000.0 140000.0 145000.0 150000.0 155000.0 160000.0 165000.0 170000.0 175000.0 180000.0 185000.0 190000.0 195000.0 200000.0 205000.0 210000.0 215000.0 220000.0 225000.0 230000.0 235000.0 240000.0 245000.0 250000.0 255000.0 260000.0 265000.0 270000.0 275000.0 280000.0 285000.0 290000.0 295000.0 300000.0 305000.0 310000.0 315000.0 320000.0 325000.0 330000.0 335000.0 340000.0 345000.0 350000.0 355000.0 360000.0 365000.0 370000.0 375000.0 380000.0 385000.0 390000.0 395000.0 400000.0 405000.0 410000.0 415000.0 420000.0 425000.0 430000.0 435000.0 440000.0 445000.0 450000.0 455000.0 460000.0 465000.0 470000.0 475000.0 480000.0 485000.0 490000.0 495000.0 500000.0 505000.0 510000.0 515000.0 520000.0 525000.0 530000.0 535000.0 540000.0 545000.0 550000.0 555000.0 560000.0 565000.0 570000.0 575000.0 580000.0 585000.0 590000.0 595000.0 600000.0 605000.0 610000.0 615000.0 620000.0 625000.0 630000.0 635000.0 640000.0 645000.0 650000.0 655000.0 660000.0 665000.0 670000.0 675000.0 680000.0 685000.0 690000.0 695000.0 700000.0,,double,km,,,,,fixedExternal,,,,,,a269a55d-8c9b-11ef-944e-41a8eb05f654
yant,Y-coordinate of Antarctic grid,Y-coordinate of Antarctic grid (stubb),dimension,yant,projection_y_coordinate,Y,Polar stereographic grid (Antarctic),,,,,,,,double,km,,,,,fixedExternal,,,,,,a269a55e-8c9b-11ef-944e-41a8eb05f654
ygre,Y-coordinate of Greenland grid,Y-coordinate of Greenland grid (stubb),dimension,ygre,projection_y_coordinate,Y,Polar stereographic grid (Greenland),,,,,,-3400000.0 -3395000.0 -3390000.0 -3385000.0 -3380000.0 -3375000.0 -3370000.0 -3365000.0 -3360000.0 -3355000.0 -3350000.0 -3345000.0 -3340000.0 -3335000.0 -3330000.0 -3325000.0 -3320000.0 -3315000.0 -3310000.0 -3305000.0 -3300000.0 -3295000.0 -3290000.0 -3285000.0 -3280000.0 -3275000.0 -3270000.0 -3265000.0 -3260000.0 -3255000.0 -3250000.0 -3245000.0 -3240000.0 -3235000.0 -3230000.0 -3225000.0 -3220000.0 -3215000.0 -3210000.0 -3205000.0 -3200000.0 -3195000.0 -3190000.0 -3185000.0 -3180000.0 -3175000.0 -3170000.0 -3165000.0 -3160000.0 -3155000.0 -3150000.0 -3145000.0 -3140000.0 -3135000.0 -3130000.0 -3125000.0 -3120000.0 -3115000.0 -3110000.0 -3105000.0 -3100000.0 -3095000.0 -3090000.0 -3085000.0 -3080000.0 -3075000.0 -3070000.0 -3065000.0 -3060000.0 -3055000.0 -3050000.0 -3045000.0 -3040000.0 -3035000.0 -3030000.0 -3025000.0 -3020000.0 -3015000.0 -3010000.0 -3005000.0 -3000000.0 -2995000.0 -2990000.0 -2985000.0 -2980000.0 -2975000.0 -2970000.0 -2965000.0 -2960000.0 -2955000.0 -2950000.0 -2945000.0 -2940000.0 -2935000.0 -2930000.0 -2925000.0 -2920000.0 -2915000.0 -2910000.0 -2905000.0 -2900000.0 -2895000.0 -2890000.0 -2885000.0 -2880000.0 -2875000.0 -2870000.0 -2865000.0 -2860000.0 -2855000.0 -2850000.0 -2845000.0 -2840000.0 -2835000.0 -2830000.0 -2825000.0 -2820000.0 -2815000.0 -2810000.0 -2805000.0 -2800000.0 -2795000.0 -2790000.0 -2785000.0 -2780000.0 -2775000.0 -2770000.0 -2765000.0 -2760000.0 -2755000.0 -2750000.0 -2745000.0 -2740000.0 -2735000.0 -2730000.0 -2725000.0 -2720000.0 -2715000.0 -2710000.0 -2705000.0 -2700000.0 -2695000.0 -2690000.0 -2685000.0 -2680000.0 -2675000.0 -2670000.0 -2665000.0 -2660000.0 -2655000.0 -2650000.0 -2645000.0 -2640000.0 -2635000.0 -2630000.0 -2625000.0 -2620000.0 -2615000.0 -2610000.0 -2605000.0 -2600000.0 -2595000.0 -2590000.0 -2585000.0 -2580000.0 -2575000.0 -2570000.0 -2565000.0 -2560000.0 -2555000.0 -2550000.0 -2545000.0 -2540000.0 -2535000.0 -2530000.0 -2525000.0 -2520000.0 -2515000.0 -2510000.0 -2505000.0 -2500000.0 -2495000.0 -2490000.0 -2485000.0 -2480000.0 -2475000.0 -2470000.0 -2465000.0 -2460000.0 -2455000.0 -2450000.0 -2445000.0 -2440000.0 -2435000.0 -2430000.0 -2425000.0 -2420000.0 -2415000.0 -2410000.0 -2405000.0 -2400000.0 -2395000.0 -2390000.0 -2385000.0 -2380000.0 -2375000.0 -2370000.0 -2365000.0 -2360000.0 -2355000.0 -2350000.0 -2345000.0 -2340000.0 -2335000.0 -2330000.0 -2325000.0 -2320000.0 -2315000.0 -2310000.0 -2305000.0 -2300000.0 -2295000.0 -2290000.0 -2285000.0 -2280000.0 -2275000.0 -2270000.0 -2265000.0 -2260000.0 -2255000.0 -2250000.0 -2245000.0 -2240000.0 -2235000.0 -2230000.0 -2225000.0 -2220000.0 -2215000.0 -2210000.0 -2205000.0 -2200000.0 -2195000.0 -2190000.0 -2185000.0 -2180000.0 -2175000.0 -2170000.0 -2165000.0 -2160000.0 -2155000.0 -2150000.0 -2145000.0 -2140000.0 -2135000.0 -2130000.0 -2125000.0 -2120000.0 -2115000.0 -2110000.0 -2105000.0 -2100000.0 -2095000.0 -2090000.0 -2085000.0 -2080000.0 -2075000.0 -2070000.0 -2065000.0 -2060000.0 -2055000.0 -2050000.0 -2045000.0 -2040000.0 -2035000.0 -2030000.0 -2025000.0 -2020000.0 -2015000.0 -2010000.0 -2005000.0 -2000000.0 -1995000.0 -1990000.0 -1985000.0 -1980000.0 -1975000.0 -1970000.0 -1965000.0 -1960000.0 -1955000.0 -1950000.0 -1945000.0 -1940000.0 -1935000.0 -1930000.0 -1925000.0 -1920000.0 -1915000.0 -1910000.0 -1905000.0 -1900000.0 -1895000.0 -1890000.0 -1885000.0 -1880000.0 -1875000.0 -1870000.0 -1865000.0 -1860000.0 -1855000.0 -1850000.0 -1845000.0 -1840000.0 -1835000.0 -1830000.0 -1825000.0 -1820000.0 -1815000.0 -1810000.0 -1805000.0 -1800000.0 -1795000.0 -1790000.0 -1785000.0 -1780000.0 -1775000.0 -1770000.0 -1765000.0 -1760000.0 -1755000.0 -1750000.0 -1745000.0 -1740000.0 -1735000.0 -1730000.0 -1725000.0 -1720000.0 -1715000.0 -1710000.0 -1705000.0 -1700000.0 -1695000.0 -1690000.0 -1685000.0 -1680000.0 -1675000.0 -1670000.0 -1665000.0 -1660000.0 -1655000.0 -1650000.0 -1645000.0 -1640000.0 -1635000.0 -1630000.0 -1625000.0 -1620000.0 -1615000.0 -1610000.0 -1605000.0 -1600000.0 -1595000.0 -1590000.0 -1585000.0 -1580000.0 -1575000.0 -1570000.0 -1565000.0 -1560000.0 -1555000.0 -1550000.0 -1545000.0 -1540000.0 -1535000.0 -1530000.0 -1525000.0 -1520000.0 -1515000.0 -1510000.0 -1505000.0 -1500000.0 -1495000.0 -1490000.0 -1485000.0 -1480000.0 -1475000.0 -1470000.0 -1465000.0 -1460000.0 -1455000.0 -1450000.0 -1445000.0 -1440000.0 -1435000.0 -1430000.0 -1425000.0 -1420000.0 -1415000.0 -1410000.0 -1405000.0 -1400000.0 -1395000.0 -1390000.0 -1385000.0 -1380000.0 -1375000.0 -1370000.0 -1365000.0 -1360000.0 -1355000.0 -1350000.0 -1345000.0 -1340000.0 -1335000.0 -1330000.0 -1325000.0 -1320000.0 -1315000.0 -1310000.0 -1305000.0 -1300000.0 -1295000.0 -1290000.0 -1285000.0 -1280000.0 -1275000.0 -1270000.0 -1265000.0 -1260000.0 -1255000.0 -1250000.0 -1245000.0 -1240000.0 -1235000.0 -1230000.0 -1225000.0 -1220000.0 -1215000.0 -1210000.0 -1205000.0 -1200000.0 -1195000.0 -1190000.0 -1185000.0 -1180000.0 -1175000.0 -1170000.0 -1165000.0 -1160000.0 -1155000.0 -1150000.0 -1145000.0 -1140000.0 -1135000.0 -1130000.0 -1125000.0 -1120000.0 -1115000.0 -1110000.0 -1105000.0 -1100000.0 -1095000.0 -1090000.0 -1085000.0 -1080000.0 -1075000.0 -1070000.0 -1065000.0 -1060000.0 -1055000.0 -1050000.0 -1045000.0 -1040000.0 -1035000.0 -1030000.0 -1025000.0 -1020000.0 -1015000.0 -1010000.0 -1005000.0 -1000000.0 -995000.0 -990000.0 -985000.0 -980000.0 -975000.0 -970000.0 -965000.0 -960000.0 -955000.0 -950000.0 -945000.0 -940000.0 -935000.0 -930000.0 -925000.0 -920000.0 -915000.0 -910000.0 -905000.0 -900000.0 -895000.0 -890000.0 -885000.0 -880000.0 -875000.0 -870000.0 -865000.0 -860000.0 -855000.0 -850000.0 -845000.0 -840000.0 -835000.0 -830000.0 -825000.0 -820000.0 -815000.0 -810000.0 -805000.0 -800000.0 -795000.0 -790000.0 -785000.0 -780000.0 -775000.0 -770000.0 -765000.0 -760000.0 -755000.0 -750000.0 -745000.0 -740000.0 -735000.0 -730000.0 -725000.0 -720000.0 -715000.0 -710000.0 -705000.0 -700000.0 -695000.0 -690000.0 -685000.0 -680000.0 -675000.0 -670000.0 -665000.0 -660000.0 -655000.0 -650000.0 -645000.0 -640000.0 -635000.0 -630000.0 -625000.0 -620000.0 -615000.0 -610000.0 -605000.0 -600000.0,,double,km,,,,,fixedExternal,,,,,,a269a55f-8c9b-11ef-944e-41a8eb05f654